X1,order,sample_id,original_sample,Site,library_tag_combo,Tag,file1,file2,pri_index_name,pri_index_seq,sec_index_start,vol_actual_uL,PCR2.date,sample_type,locus,primerF_seq,primerR_seq,tag_number,sec_index_seq,experiment,vol_product_unclean_uL,vol_clean_input,vol_clean_elute_uL,vol_clean_total_uL,vol_removed_gel_uL,vol_removed_qubit_uL,vol_removed_BA,vol_remain_uL,conc_DNA_sample_ng.uL,mass_DNA_total_ng,fragment_size_BA,conc_DNA_BA_nguL,mass_DNA_pooled_ng,vol_pooled_undiluted_uL,Amount.Needed..ul..for.Kappa.Kit......1ng.
1,YES,TW_201703A.1,TW20170311A,Twanoh,Lib_G_Tag_8,Tag_8,Good-lib9_S7_L001_R1_001.fastq,Good-lib9_S7_L001_R2_001.fastq,Lib_G,ACTTGA,4,NA,NA,eDNA,COI,GGWACWGGWTGAACWGTWTAYCCYCC,TANACYTCNGGRTGNCCRAARAAYCA,8,CTCGCA,OA_eDNA,NA,NA,NA,NA,NA,NA,NA,NA,NA,NA,NA,NA,NA,1.4,NA
2,YES,TW_201703B.1,TW20170311B,Twanoh,Lib_D_Tag_13,Tag_13,Good-lib4_S4_L001_R1_001.fastq,Good-lib4_S4_L001_R2_001.fastq,Lib_D,GCCAAT,4,NA,NA,eDNA,COI,GGWACWGGWTGAACWGTWTAYCCYCC,TANACYTCNGGRTGNCCRAARAAYCA,13,ATCAGT,OA_eDNA,NA,NA,NA,NA,NA,NA,NA,NA,NA,NA,NA,NA,NA,0.4,NA
3,YES,TW_201703C.1,TW20170311C,Twanoh,Lib_F_Tag_9,Tag_9,Good-lib6_S6_L001_R1_001.fastq,Good-lib6_S6_L001_R2_001.fastq,Lib_F,CTTGTA,4,NA,NA,eDNA,COI,GGWACWGGWTGAACWGTWTAYCCYCC,TANACYTCNGGRTGNCCRAARAAYCA,9,TCGCAT,OA_eDNA,NA,NA,NA,NA,NA,NA,NA,NA,NA,NA,NA,NA,NA,0.4,NA
4,YES,PO_201703A.1,PO20170311A,Potlatch,Lib_B_Tag_2,Tag_2,Good-lib2_S2_L001_R1_001.fastq,Good-lib2_S2_L001_R2_001.fastq,Lib_B,TGACCA,4,NA,NA,eDNA,COI,GGWACWGGWTGAACWGTWTAYCCYCC,TANACYTCNGGRTGNCCRAARAAYCA,2,ACAGCA,OA_eDNA,NA,NA,NA,NA,NA,NA,NA,NA,NA,NA,NA,NA,NA,0.5,NA
5,YES,PO_201703B.1,PO20170311B,Potlatch,Lib_A_Tag_7,Tag_7,Good-lib1_S1_L001_R1_001.fastq,Good-lib1_S1_L001_R2_001.fastq,Lib_A,CGATGT,4,NA,NA,eDNA,COI,GGWACWGGWTGAACWGTWTAYCCYCC,TANACYTCNGGRTGNCCRAARAAYCA,7,ATATCG,OA_eDNA,NA,NA,NA,NA,NA,NA,NA,NA,NA,NA,NA,NA,NA,0.4,NA
6,YES,PO_201703C.1,PO20170311C,Potlatch,Lib_E_Tag_12,Tag_12,Good-lib5_S5_L001_R1_001.fastq,Good-lib5_S5_L001_R2_001.fastq,Lib_E,CAGATC,4,NA,NA,eDNA,COI,GGWACWGGWTGAACWGTWTAYCCYCC,TANACYTCNGGRTGNCCRAARAAYCA,12,GATGAC,OA_eDNA,NA,NA,NA,NA,NA,NA,NA,NA,NA,NA,NA,NA,NA,0.3,NA
27,YES,LL_201703D.1,LL20170312D,Lilliwaup,Lib_B_Tag_10,Tag_10,Good-lib2_S2_L001_R1_001.fastq,Good-lib2_S2_L001_R2_001.fastq,Lib_B,TGACCA,4,NA,NA,eDNA,COI,GGWACWGGWTGAACWGTWTAYCCYCC,TANACYTCNGGRTGNCCRAARAAYCA,10,TGTATG,OA_eDNA,NA,NA,NA,NA,NA,NA,NA,NA,NA,NA,NA,NA,NA,34.8,NA
28,YES,LL_201703E.1,LL20170312E,Lilliwaup,Lib_F_Tag_15,Tag_15,Good-lib6_S6_L001_R1_001.fastq,Good-lib6_S6_L001_R2_001.fastq,Lib_F,CTTGTA,4,NA,NA,eDNA,COI,GGWACWGGWTGAACWGTWTAYCCYCC,TANACYTCNGGRTGNCCRAARAAYCA,15,CGACGC,OA_eDNA,NA,NA,NA,NA,NA,NA,NA,NA,NA,NA,NA,NA,NA,1.4,NA
29,YES,LL_201703F.1,LL20170312F,Lilliwaup,Lib_F_Tag_1,Tag_1,Good-lib6_S6_L001_R1_001.fastq,Good-lib6_S6_L001_R2_001.fastq,Lib_F,CTTGTA,4,NA,NA,eDNA,COI,GGWACWGGWTGAACWGTWTAYCCYCC,TANACYTCNGGRTGNCCRAARAAYCA,1,ACACAC,OA_eDNA,NA,NA,NA,NA,NA,NA,NA,NA,NA,NA,NA,NA,NA,2.8,NA
33,YES,TW_201703A.2,TW20170311A,Twanoh,Lib_D_Tag_11,Tag_11,Good-lib4_S4_L001_R1_001.fastq,Good-lib4_S4_L001_R2_001.fastq,Lib_D,GCCAAT,4,NA,NA,eDNA,COI,GGWACWGGWTGAACWGTWTAYCCYCC,TANACYTCNGGRTGNCCRAARAAYCA,11,GCAGTG,OA_eDNA,NA,NA,NA,NA,NA,NA,NA,NA,NA,NA,NA,NA,NA,0.8,NA
34,YES,TW_201703B.2,TW20170311B,Twanoh,Lib_A_Tag_5,Tag_5,Good-lib1_S1_L001_R1_001.fastq,Good-lib1_S1_L001_R2_001.fastq,Lib_A,CGATGT,4,NA,NA,eDNA,COI,GGWACWGGWTGAACWGTWTAYCCYCC,TANACYTCNGGRTGNCCRAARAAYCA,5,ACATGT,OA_eDNA,NA,NA,NA,NA,NA,NA,NA,NA,NA,NA,NA,NA,NA,0.8,NA
35,YES,TW_201703C.2,TW20170311C,Twanoh,Lib_G_Tag_2,Tag_2,Good-lib9_S7_L001_R1_001.fastq,Good-lib9_S7_L001_R2_001.fastq,Lib_G,ACTTGA,4,NA,NA,eDNA,COI,GGWACWGGWTGAACWGTWTAYCCYCC,TANACYTCNGGRTGNCCRAARAAYCA,2,ACAGCA,OA_eDNA,NA,NA,NA,NA,NA,NA,NA,NA,NA,NA,NA,NA,NA,1.3,NA
36,YES,PO_201703A.2,PO20170311A,Potlatch,Lib_F_Tag_10,Tag_10,Good-lib6_S6_L001_R1_001.fastq,Good-lib6_S6_L001_R2_001.fastq,Lib_F,CTTGTA,4,NA,NA,eDNA,COI,GGWACWGGWTGAACWGTWTAYCCYCC,TANACYTCNGGRTGNCCRAARAAYCA,10,TGTATG,OA_eDNA,NA,NA,NA,NA,NA,NA,NA,NA,NA,NA,NA,NA,NA,1.5,NA
37,YES,PO_201703B.2,PO20170311B,Potlatch,Lib_C_Tag_11,Tag_11,Good-lib3_S3_L001_R1_001.fastq,Good-lib3_S3_L001_R2_001.fastq,Lib_C,ACAGTG,4,NA,NA,eDNA,COI,GGWACWGGWTGAACWGTWTAYCCYCC,TANACYTCNGGRTGNCCRAARAAYCA,11,GCAGTG,OA_eDNA,NA,NA,NA,NA,NA,NA,NA,NA,NA,NA,NA,NA,NA,1.5,NA
38,YES,PO_201703C.2,PO20170311C,Potlatch,Lib_A_Tag_9,Tag_9,Good-lib1_S1_L001_R1_001.fastq,Good-lib1_S1_L001_R2_001.fastq,Lib_A,CGATGT,4,NA,NA,eDNA,COI,GGWACWGGWTGAACWGTWTAYCCYCC,TANACYTCNGGRTGNCCRAARAAYCA,9,TCGCAT,OA_eDNA,NA,NA,NA,NA,NA,NA,NA,NA,NA,NA,NA,NA,NA,1.1,NA
59,YES,LL_201703D.2,LL20170312D,Lilliwaup,Lib_D_Tag_14,Tag_14,Good-lib4_S4_L001_R1_001.fastq,Good-lib4_S4_L001_R2_001.fastq,Lib_D,GCCAAT,4,NA,NA,eDNA,COI,GGWACWGGWTGAACWGTWTAYCCYCC,TANACYTCNGGRTGNCCRAARAAYCA,14,TCGTCA,OA_eDNA,NA,NA,NA,NA,NA,NA,NA,NA,NA,NA,NA,NA,NA,0.7,NA
60,YES,LL_201703E.2,LL20170312E,Lilliwaup,Lib_B_Tag_7,Tag_7,Good-lib2_S2_L001_R1_001.fastq,Good-lib2_S2_L001_R2_001.fastq,Lib_B,TGACCA,4,NA,NA,eDNA,COI,GGWACWGGWTGAACWGTWTAYCCYCC,TANACYTCNGGRTGNCCRAARAAYCA,7,ATATCG,OA_eDNA,NA,NA,NA,NA,NA,NA,NA,NA,NA,NA,NA,NA,NA,0.6,NA
61,YES,LL_201703F.2,LL20170312F,Lilliwaup,Lib_G_Tag_5,Tag_5,Good-lib9_S7_L001_R1_001.fastq,Good-lib9_S7_L001_R2_001.fastq,Lib_G,ACTTGA,4,NA,NA,eDNA,COI,GGWACWGGWTGAACWGTWTAYCCYCC,TANACYTCNGGRTGNCCRAARAAYCA,5,ACATGT,OA_eDNA,NA,NA,NA,NA,NA,NA,NA,NA,NA,NA,NA,NA,NA,0.6,NA
65,YES,TW_201703A.3,TW20170311A,Twanoh,Lib_F_Tag_4,Tag_4,Good-lib6_S6_L001_R1_001.fastq,Good-lib6_S6_L001_R2_001.fastq,Lib_F,CTTGTA,4,NA,NA,eDNA,COI,GGWACWGGWTGAACWGTWTAYCCYCC,TANACYTCNGGRTGNCCRAARAAYCA,4,GCGCTC,OA_eDNA,NA,NA,NA,NA,NA,NA,NA,NA,NA,NA,NA,NA,NA,0.5,NA
66,YES,TW_201703B.3,TW20170311B,Twanoh,Lib_B_Tag_4,Tag_4,Good-lib2_S2_L001_R1_001.fastq,Good-lib2_S2_L001_R2_001.fastq,Lib_B,TGACCA,4,NA,NA,eDNA,COI,GGWACWGGWTGAACWGTWTAYCCYCC,TANACYTCNGGRTGNCCRAARAAYCA,4,GCGCTC,OA_eDNA,NA,NA,NA,NA,NA,NA,NA,NA,NA,NA,NA,NA,NA,0.7,NA
67,YES,TW_201703C.3,TW20170311C,Twanoh,Lib_C_Tag_4,Tag_4,Good-lib3_S3_L001_R1_001.fastq,Good-lib3_S3_L001_R2_001.fastq,Lib_C,ACAGTG,4,NA,NA,eDNA,COI,GGWACWGGWTGAACWGTWTAYCCYCC,TANACYTCNGGRTGNCCRAARAAYCA,4,GCGCTC,OA_eDNA,NA,NA,NA,NA,NA,NA,NA,NA,NA,NA,NA,NA,NA,0.6,NA
68,YES,PO_201703A.3,PO20170311A,Potlatch,Lib_A_Tag_6,Tag_6,Good-lib1_S1_L001_R1_001.fastq,Good-lib1_S1_L001_R2_001.fastq,Lib_A,CGATGT,4,NA,NA,eDNA,COI,GGWACWGGWTGAACWGTWTAYCCYCC,TANACYTCNGGRTGNCCRAARAAYCA,6,ACGACG,OA_eDNA,NA,NA,NA,NA,NA,NA,NA,NA,NA,NA,NA,NA,NA,0.8,NA
69,YES,PO_201703B.3,PO20170311B,Potlatch,Lib_G_Tag_9,Tag_9,Good-lib9_S7_L001_R1_001.fastq,Good-lib9_S7_L001_R2_001.fastq,Lib_G,ACTTGA,4,NA,NA,eDNA,COI,GGWACWGGWTGAACWGTWTAYCCYCC,TANACYTCNGGRTGNCCRAARAAYCA,9,TCGCAT,OA_eDNA,NA,NA,NA,NA,NA,NA,NA,NA,NA,NA,NA,NA,NA,0.6,NA
70,YES,PO_201703C.3,PO20170311C,Potlatch,Lib_A_Tag_15,Tag_15,Good-lib1_S1_L001_R1_001.fastq,Good-lib1_S1_L001_R2_001.fastq,Lib_A,CGATGT,4,NA,NA,eDNA,COI,GGWACWGGWTGAACWGTWTAYCCYCC,TANACYTCNGGRTGNCCRAARAAYCA,15,CGACGC,OA_eDNA,NA,NA,NA,NA,NA,NA,NA,NA,NA,NA,NA,NA,NA,0.5,NA
91,YES,LL_201703D.3,LL20170312D,Lilliwaup,Lib_C_Tag_10,Tag_10,Good-lib3_S3_L001_R1_001.fastq,Good-lib3_S3_L001_R2_001.fastq,Lib_C,ACAGTG,4,NA,NA,eDNA,COI,GGWACWGGWTGAACWGTWTAYCCYCC,TANACYTCNGGRTGNCCRAARAAYCA,10,TGTATG,OA_eDNA,NA,NA,NA,NA,NA,NA,NA,NA,NA,NA,NA,NA,NA,0.3,NA
92,YES,LL_201703E.3,LL20170312E,Lilliwaup,Lib_C_Tag_6,Tag_6,Good-lib3_S3_L001_R1_001.fastq,Good-lib3_S3_L001_R2_001.fastq,Lib_C,ACAGTG,4,NA,NA,eDNA,COI,GGWACWGGWTGAACWGTWTAYCCYCC,TANACYTCNGGRTGNCCRAARAAYCA,6,ACGACG,OA_eDNA,NA,NA,NA,NA,NA,NA,NA,NA,NA,NA,NA,NA,NA,0.6,NA
93,YES,LL_201703F.3,LL20170312F,Lilliwaup,Lib_E_Tag_14,Tag_14,Good-lib5_S5_L001_R1_001.fastq,Good-lib5_S5_L001_R2_001.fastq,Lib_E,CAGATC,4,NA,NA,eDNA,COI,GGWACWGGWTGAACWGTWTAYCCYCC,TANACYTCNGGRTGNCCRAARAAYCA,14,TCGTCA,OA_eDNA,NA,NA,NA,NA,NA,NA,NA,NA,NA,NA,NA,NA,NA,0.5,NA
97,YES,Ostrich.1,Ostric,Ostric,Lib_F_Tag_3,Tag_3,Good-lib6_S6_L001_R1_001.fastq,Good-lib6_S6_L001_R2_001.fastq,Lib_F,CTTGTA,4,NA,NA,Positive Ctrl,COI,GGWACWGGWTGAACWGTWTAYCCYCC,TANACYTCNGGRTGNCCRAARAAYCA,3,GTCTCT,OA_eDNA,NA,NA,NA,NA,NA,NA,NA,NA,NA,NA,NA,NA,NA,0.7,NA
98,YES,Ostrich.2,Ostric,Ostric,Lib_A_Tag_11,Tag_11,Good-lib1_S1_L001_R1_001.fastq,Good-lib1_S1_L001_R2_001.fastq,Lib_A,CGATGT,4,NA,NA,Positive Ctrl,COI,GGWACWGGWTGAACWGTWTAYCCYCC,TANACYTCNGGRTGNCCRAARAAYCA,11,GCAGTG,OA_eDNA,NA,NA,NA,NA,NA,NA,NA,NA,NA,NA,NA,NA,NA,0.6,NA
99,YES,Ostrich.3,Ostric,Ostric,Lib_E_Tag_2,Tag_2,Good-lib5_S5_L001_R1_001.fastq,Good-lib5_S5_L001_R2_001.fastq,Lib_E,CAGATC,4,NA,NA,Positive Ctrl,COI,GGWACWGGWTGAACWGTWTAYCCYCC,TANACYTCNGGRTGNCCRAARAAYCA,2,ACAGCA,OA_eDNA,NA,NA,NA,NA,NA,NA,NA,NA,NA,NA,NA,NA,NA,0.5,NA