sample_id,pri_index_name,pri_index_seq,IDT,Well_in_AMPureXP,Tag,Combo,sec_index_seq,primerF_seq,primerR_seq,insert_size,file1,file2
TR_201703C.1,Lib_A,AGTCAA,IDT_13,H12,Tag_1,Tag_1.Lib_A,ACACAC,GGWACWGGWTGAACWGTWTAYCCYCC,TANACYTCNGGRTGNCCRAARAAYCA,313,Lib-A-SJI-Jun-Jul-Aug_S1_L001_R1_001.fastq,Lib-A-SJI-Jun-Jul-Aug_S1_L001_R2_001.fastq
TR_201703B.1,Lib_D,CCGTCC,IDT_16,G12,Tag_2,Tag_2.Lib_D,ACAGCA,GGWACWGGWTGAACWGTWTAYCCYCC,TANACYTCNGGRTGNCCRAARAAYCA,313,Lib-D-SJI-Jun-Jul-Aug_S3_L001_R1_001.fastq,Lib-D-SJI-Jun-Jul-Aug_S3_L001_R2_001.fastq
TR_201703A.1,Lib_D,CCGTCC,IDT_16,F12,Tag_11,Tag_11.Lib_D,GCAGTG,GGWACWGGWTGAACWGTWTAYCCYCC,TANACYTCNGGRTGNCCRAARAAYCA,313,Lib-D-SJI-Jun-Jul-Aug_S3_L001_R1_001.fastq,Lib-D-SJI-Jun-Jul-Aug_S3_L001_R2_001.fastq
SA_201703B.3,Lib_C,ATGTCA,IDT_15,D12,Tag_5,Tag_5.Lib_C,ACATGT,GGWACWGGWTGAACWGTWTAYCCYCC,TANACYTCNGGRTGNCCRAARAAYCA,313,Lib-C-SJI-Jun-Jul-Aug_S2_L001_R1_001.fastq,Lib-C-SJI-Jun-Jul-Aug_S2_L001_R2_001.fastq
SA_201703C.2,Lib_A,AGTCAA,IDT_13,B12,Tag_11,Tag_11.Lib_A,GCAGTG,GGWACWGGWTGAACWGTWTAYCCYCC,TANACYTCNGGRTGNCCRAARAAYCA,313,Lib-A-SJI-Jun-Jul-Aug_S1_L001_R1_001.fastq,Lib-A-SJI-Jun-Jul-Aug_S1_L001_R2_001.fastq
SA_201703A.2,Lib_D,CCGTCC,IDT_16,H11,Tag_5,Tag_5.Lib_D,ACATGT,GGWACWGGWTGAACWGTWTAYCCYCC,TANACYTCNGGRTGNCCRAARAAYCA,313,Lib-D-SJI-Jun-Jul-Aug_S3_L001_R1_001.fastq,Lib-D-SJI-Jun-Jul-Aug_S3_L001_R2_001.fastq
Kangaroo.3,Lib_A,AGTCAA,IDT_13,D11,Tag_13,Tag_13.Lib_A,ATCAGT,GGWACWGGWTGAACWGTWTAYCCYCC,TANACYTCNGGRTGNCCRAARAAYCA,313,Lib-A-SJI-Jun-Jul-Aug_S1_L001_R1_001.fastq,Lib-A-SJI-Jun-Jul-Aug_S1_L001_R2_001.fastq
FH_201708C.3,Lib_D,CCGTCC,IDT_16,B11,Tag_16,Tag_16.Lib_D,GCGAGT,GGWACWGGWTGAACWGTWTAYCCYCC,TANACYTCNGGRTGNCCRAARAAYCA,313,Lib-D-SJI-Jun-Jul-Aug_S3_L001_R1_001.fastq,Lib-D-SJI-Jun-Jul-Aug_S3_L001_R2_001.fastq
FH_201708B.3,Lib_C,ATGTCA,IDT_15,A11,Tag_9,Tag_9.Lib_C,TCGCAT,GGWACWGGWTGAACWGTWTAYCCYCC,TANACYTCNGGRTGNCCRAARAAYCA,313,Lib-C-SJI-Jun-Jul-Aug_S2_L001_R1_001.fastq,Lib-C-SJI-Jun-Jul-Aug_S2_L001_R2_001.fastq
LK_201708A.3,Lib_D,CCGTCC,IDT_16,F10,Tag_1,Tag_1.Lib_D,ACACAC,GGWACWGGWTGAACWGTWTAYCCYCC,TANACYTCNGGRTGNCCRAARAAYCA,313,Lib-D-SJI-Jun-Jul-Aug_S3_L001_R1_001.fastq,Lib-D-SJI-Jun-Jul-Aug_S3_L001_R2_001.fastq
LK_201707A.3,Lib_A,AGTCAA,IDT_13,E9,Tag_6,Tag_6.Lib_A,ACGACG,GGWACWGGWTGAACWGTWTAYCCYCC,TANACYTCNGGRTGNCCRAARAAYCA,313,Lib-A-SJI-Jun-Jul-Aug_S1_L001_R1_001.fastq,Lib-A-SJI-Jun-Jul-Aug_S1_L001_R2_001.fastq
CP_201707A.3,Lib_A,AGTCAA,IDT_13,B9,Tag_8,Tag_8.Lib_A,CTCGCA,GGWACWGGWTGAACWGTWTAYCCYCC,TANACYTCNGGRTGNCCRAARAAYCA,313,Lib-A-SJI-Jun-Jul-Aug_S1_L001_R1_001.fastq,Lib-A-SJI-Jun-Jul-Aug_S1_L001_R2_001.fastq
FH_201706C.3,Lib_C,ATGTCA,IDT_15,A9,Tag_6,Tag_6.Lib_C,ACGACG,GGWACWGGWTGAACWGTWTAYCCYCC,TANACYTCNGGRTGNCCRAARAAYCA,313,Lib-C-SJI-Jun-Jul-Aug_S2_L001_R1_001.fastq,Lib-C-SJI-Jun-Jul-Aug_S2_L001_R2_001.fastq
LK_201706B.3,Lib_A,AGTCAA,IDT_13,E8,Tag_5,Tag_5.Lib_A,ACATGT,GGWACWGGWTGAACWGTWTAYCCYCC,TANACYTCNGGRTGNCCRAARAAYCA,313,Lib-A-SJI-Jun-Jul-Aug_S1_L001_R1_001.fastq,Lib-A-SJI-Jun-Jul-Aug_S1_L001_R2_001.fastq
LK_201706A.3,Lib_A,AGTCAA,IDT_13,D8,Tag_9,Tag_9.Lib_A,TCGCAT,GGWACWGGWTGAACWGTWTAYCCYCC,TANACYTCNGGRTGNCCRAARAAYCA,313,Lib-A-SJI-Jun-Jul-Aug_S1_L001_R1_001.fastq,Lib-A-SJI-Jun-Jul-Aug_S1_L001_R2_001.fastq
Kangaroo.2,Lib_C,ATGTCA,IDT_15,H7,Tag_16,Tag_16.Lib_C,GCGAGT,GGWACWGGWTGAACWGTWTAYCCYCC,TANACYTCNGGRTGNCCRAARAAYCA,313,Lib-C-SJI-Jun-Jul-Aug_S2_L001_R1_001.fastq,Lib-C-SJI-Jun-Jul-Aug_S2_L001_R2_001.fastq
FH_201708A.2,Lib_D,CCGTCC,IDT_16,G7,Tag_15,Tag_15.Lib_D,CGACGC,GGWACWGGWTGAACWGTWTAYCCYCC,TANACYTCNGGRTGNCCRAARAAYCA,313,Lib-D-SJI-Jun-Jul-Aug_S3_L001_R1_001.fastq,Lib-D-SJI-Jun-Jul-Aug_S3_L001_R2_001.fastq
LK_201708C.2,Lib_D,CCGTCC,IDT_16,D7,Tag_3,Tag_3.Lib_D,GTCTCT,GGWACWGGWTGAACWGTWTAYCCYCC,TANACYTCNGGRTGNCCRAARAAYCA,313,Lib-D-SJI-Jun-Jul-Aug_S3_L001_R1_001.fastq,Lib-D-SJI-Jun-Jul-Aug_S3_L001_R2_001.fastq
LK_201708B.2,Lib_C,ATGTCA,IDT_15,C7,Tag_1,Tag_1.Lib_C,ACACAC,GGWACWGGWTGAACWGTWTAYCCYCC,TANACYTCNGGRTGNCCRAARAAYCA,313,Lib-C-SJI-Jun-Jul-Aug_S2_L001_R1_001.fastq,Lib-C-SJI-Jun-Jul-Aug_S2_L001_R2_001.fastq
CP_201708C.2,Lib_C,ATGTCA,IDT_15,A7,Tag_15,Tag_15.Lib_C,CGACGC,GGWACWGGWTGAACWGTWTAYCCYCC,TANACYTCNGGRTGNCCRAARAAYCA,313,Lib-C-SJI-Jun-Jul-Aug_S2_L001_R1_001.fastq,Lib-C-SJI-Jun-Jul-Aug_S2_L001_R2_001.fastq
CP_201708A.2,Lib_A,AGTCAA,IDT_13,G6,Tag_15,Tag_15.Lib_A,CGACGC,GGWACWGGWTGAACWGTWTAYCCYCC,TANACYTCNGGRTGNCCRAARAAYCA,313,Lib-A-SJI-Jun-Jul-Aug_S1_L001_R1_001.fastq,Lib-A-SJI-Jun-Jul-Aug_S1_L001_R2_001.fastq
FH_201707C.2,Lib_A,AGTCAA,IDT_13,F6,Tag_10,Tag_10.Lib_A,TGTATG,GGWACWGGWTGAACWGTWTAYCCYCC,TANACYTCNGGRTGNCCRAARAAYCA,313,Lib-A-SJI-Jun-Jul-Aug_S1_L001_R1_001.fastq,Lib-A-SJI-Jun-Jul-Aug_S1_L001_R2_001.fastq
FH_201707B.2,Lib_D,CCGTCC,IDT_16,E6,Tag_7,Tag_7.Lib_D,ATATCG,GGWACWGGWTGAACWGTWTAYCCYCC,TANACYTCNGGRTGNCCRAARAAYCA,313,Lib-D-SJI-Jun-Jul-Aug_S3_L001_R1_001.fastq,Lib-D-SJI-Jun-Jul-Aug_S3_L001_R2_001.fastq
FH_201707A.2,Lib_D,CCGTCC,IDT_16,D6,Tag_4,Tag_4.Lib_D,GCGCTC,GGWACWGGWTGAACWGTWTAYCCYCC,TANACYTCNGGRTGNCCRAARAAYCA,313,Lib-D-SJI-Jun-Jul-Aug_S3_L001_R1_001.fastq,Lib-D-SJI-Jun-Jul-Aug_S3_L001_R2_001.fastq
LK_201707C.2,Lib_A,AGTCAA,IDT_13,C6,Tag_14,Tag_14.Lib_A,TCGTCA,GGWACWGGWTGAACWGTWTAYCCYCC,TANACYTCNGGRTGNCCRAARAAYCA,313,Lib-A-SJI-Jun-Jul-Aug_S1_L001_R1_001.fastq,Lib-A-SJI-Jun-Jul-Aug_S1_L001_R2_001.fastq
CP_201707C.2,Lib_C,ATGTCA,IDT_15,H5,Tag_3,Tag_3.Lib_C,GTCTCT,GGWACWGGWTGAACWGTWTAYCCYCC,TANACYTCNGGRTGNCCRAARAAYCA,313,Lib-C-SJI-Jun-Jul-Aug_S2_L001_R1_001.fastq,Lib-C-SJI-Jun-Jul-Aug_S2_L001_R2_001.fastq
CP_201707B.2,Lib_D,CCGTCC,IDT_16,G5,Tag_10,Tag_10.Lib_D,TGTATG,GGWACWGGWTGAACWGTWTAYCCYCC,TANACYTCNGGRTGNCCRAARAAYCA,313,Lib-D-SJI-Jun-Jul-Aug_S3_L001_R1_001.fastq,Lib-D-SJI-Jun-Jul-Aug_S3_L001_R2_001.fastq
FH_201706C.2,Lib_D,CCGTCC,IDT_16,E5,Tag_14,Tag_14.Lib_D,TCGTCA,GGWACWGGWTGAACWGTWTAYCCYCC,TANACYTCNGGRTGNCCRAARAAYCA,313,Lib-D-SJI-Jun-Jul-Aug_S3_L001_R1_001.fastq,Lib-D-SJI-Jun-Jul-Aug_S3_L001_R2_001.fastq
LK_201706B.2,Lib_A,AGTCAA,IDT_13,A5,Tag_2,Tag_2.Lib_A,ACAGCA,GGWACWGGWTGAACWGTWTAYCCYCC,TANACYTCNGGRTGNCCRAARAAYCA,313,Lib-A-SJI-Jun-Jul-Aug_S1_L001_R1_001.fastq,Lib-A-SJI-Jun-Jul-Aug_S1_L001_R2_001.fastq
LK_201706A.2,Lib_C,ATGTCA,IDT_15,H4,Tag_14,Tag_14.Lib_C,TCGTCA,GGWACWGGWTGAACWGTWTAYCCYCC,TANACYTCNGGRTGNCCRAARAAYCA,313,Lib-C-SJI-Jun-Jul-Aug_S2_L001_R1_001.fastq,Lib-C-SJI-Jun-Jul-Aug_S2_L001_R2_001.fastq
CP_201706C.2,Lib_C,ATGTCA,IDT_15,G4,Tag_13,Tag_13.Lib_C,ATCAGT,GGWACWGGWTGAACWGTWTAYCCYCC,TANACYTCNGGRTGNCCRAARAAYCA,313,Lib-C-SJI-Jun-Jul-Aug_S2_L001_R1_001.fastq,Lib-C-SJI-Jun-Jul-Aug_S2_L001_R2_001.fastq
CP_201706A.2,Lib_D,CCGTCC,IDT_16,E4,Tag_12,Tag_12.Lib_D,GATGAC,GGWACWGGWTGAACWGTWTAYCCYCC,TANACYTCNGGRTGNCCRAARAAYCA,313,Lib-D-SJI-Jun-Jul-Aug_S3_L001_R1_001.fastq,Lib-D-SJI-Jun-Jul-Aug_S3_L001_R2_001.fastq
Kangaroo.1,Lib_D,CCGTCC,IDT_16,D4,Tag_8,Tag_8.Lib_D,CTCGCA,GGWACWGGWTGAACWGTWTAYCCYCC,TANACYTCNGGRTGNCCRAARAAYCA,313,Lib-D-SJI-Jun-Jul-Aug_S3_L001_R1_001.fastq,Lib-D-SJI-Jun-Jul-Aug_S3_L001_R2_001.fastq
FH_201708C.1,Lib_D,CCGTCC,IDT_16,B4,Tag_9,Tag_9.Lib_D,TCGCAT,GGWACWGGWTGAACWGTWTAYCCYCC,TANACYTCNGGRTGNCCRAARAAYCA,313,Lib-D-SJI-Jun-Jul-Aug_S3_L001_R1_001.fastq,Lib-D-SJI-Jun-Jul-Aug_S3_L001_R2_001.fastq
FH_201708B.1,Lib_A,AGTCAA,IDT_13,A4,Tag_12,Tag_12.Lib_A,GATGAC,GGWACWGGWTGAACWGTWTAYCCYCC,TANACYTCNGGRTGNCCRAARAAYCA,313,Lib-A-SJI-Jun-Jul-Aug_S1_L001_R1_001.fastq,Lib-A-SJI-Jun-Jul-Aug_S1_L001_R2_001.fastq
LK_201708B.1,Lib_C,ATGTCA,IDT_15,G3,Tag_2,Tag_2.Lib_C,ACAGCA,GGWACWGGWTGAACWGTWTAYCCYCC,TANACYTCNGGRTGNCCRAARAAYCA,313,Lib-C-SJI-Jun-Jul-Aug_S2_L001_R1_001.fastq,Lib-C-SJI-Jun-Jul-Aug_S2_L001_R2_001.fastq
CP_201708C.1,Lib_C,ATGTCA,IDT_15,E3,Tag_11,Tag_11.Lib_C,GCAGTG,GGWACWGGWTGAACWGTWTAYCCYCC,TANACYTCNGGRTGNCCRAARAAYCA,313,Lib-C-SJI-Jun-Jul-Aug_S2_L001_R1_001.fastq,Lib-C-SJI-Jun-Jul-Aug_S2_L001_R2_001.fastq
CP_201708B.1,Lib_C,ATGTCA,IDT_15,D3,Tag_4,Tag_4.Lib_C,GCGCTC,GGWACWGGWTGAACWGTWTAYCCYCC,TANACYTCNGGRTGNCCRAARAAYCA,313,Lib-C-SJI-Jun-Jul-Aug_S2_L001_R1_001.fastq,Lib-C-SJI-Jun-Jul-Aug_S2_L001_R2_001.fastq
FH_201707C.1,Lib_A,AGTCAA,IDT_13,B3,Tag_4,Tag_4.Lib_A,GCGCTC,GGWACWGGWTGAACWGTWTAYCCYCC,TANACYTCNGGRTGNCCRAARAAYCA,313,Lib-A-SJI-Jun-Jul-Aug_S1_L001_R1_001.fastq,Lib-A-SJI-Jun-Jul-Aug_S1_L001_R2_001.fastq
FH_201707B.1,Lib_D,CCGTCC,IDT_16,A3,Tag_13,Tag_13.Lib_D,ATCAGT,GGWACWGGWTGAACWGTWTAYCCYCC,TANACYTCNGGRTGNCCRAARAAYCA,313,Lib-D-SJI-Jun-Jul-Aug_S3_L001_R1_001.fastq,Lib-D-SJI-Jun-Jul-Aug_S3_L001_R2_001.fastq
LK_201707C.1,Lib_C,ATGTCA,IDT_15,G2,Tag_7,Tag_7.Lib_C,ATATCG,GGWACWGGWTGAACWGTWTAYCCYCC,TANACYTCNGGRTGNCCRAARAAYCA,313,Lib-C-SJI-Jun-Jul-Aug_S2_L001_R1_001.fastq,Lib-C-SJI-Jun-Jul-Aug_S2_L001_R2_001.fastq
LK_201707B.1,Lib_A,AGTCAA,IDT_13,F2,Tag_3,Tag_3.Lib_A,GTCTCT,GGWACWGGWTGAACWGTWTAYCCYCC,TANACYTCNGGRTGNCCRAARAAYCA,313,Lib-A-SJI-Jun-Jul-Aug_S1_L001_R1_001.fastq,Lib-A-SJI-Jun-Jul-Aug_S1_L001_R2_001.fastq
CP_201707C.1,Lib_C,ATGTCA,IDT_15,D2,Tag_8,Tag_8.Lib_C,CTCGCA,GGWACWGGWTGAACWGTWTAYCCYCC,TANACYTCNGGRTGNCCRAARAAYCA,313,Lib-C-SJI-Jun-Jul-Aug_S2_L001_R1_001.fastq,Lib-C-SJI-Jun-Jul-Aug_S2_L001_R2_001.fastq
FH_201706B.1,Lib_D,CCGTCC,IDT_16,H1,Tag_6,Tag_6.Lib_D,ACGACG,GGWACWGGWTGAACWGTWTAYCCYCC,TANACYTCNGGRTGNCCRAARAAYCA,313,Lib-D-SJI-Jun-Jul-Aug_S3_L001_R1_001.fastq,Lib-D-SJI-Jun-Jul-Aug_S3_L001_R2_001.fastq
LK_201706C.1,Lib_A,AGTCAA,IDT_13,F1,Tag_7,Tag_7.Lib_A,ATATCG,GGWACWGGWTGAACWGTWTAYCCYCC,TANACYTCNGGRTGNCCRAARAAYCA,313,Lib-A-SJI-Jun-Jul-Aug_S1_L001_R1_001.fastq,Lib-A-SJI-Jun-Jul-Aug_S1_L001_R2_001.fastq
CP_201706C.1,Lib_C,ATGTCA,IDT_15,C1,Tag_12,Tag_12.Lib_C,GATGAC,GGWACWGGWTGAACWGTWTAYCCYCC,TANACYTCNGGRTGNCCRAARAAYCA,313,Lib-C-SJI-Jun-Jul-Aug_S2_L001_R1_001.fastq,Lib-C-SJI-Jun-Jul-Aug_S2_L001_R2_001.fastq
CP_201706B.1,Lib_C,ATGTCA,IDT_15,B1,Tag_10,Tag_10.Lib_C,TGTATG,GGWACWGGWTGAACWGTWTAYCCYCC,TANACYTCNGGRTGNCCRAARAAYCA,313,Lib-C-SJI-Jun-Jul-Aug_S2_L001_R1_001.fastq,Lib-C-SJI-Jun-Jul-Aug_S2_L001_R2_001.fastq
TW_201711C.3,Lib_G,CGATGT,IDT_2,H12,Tag_5,Tag_5.Lib_G,ACATGT,GGWACWGGWTGAACWGTWTAYCCYCC,TANACYTCNGGRTGNCCRAARAAYCA,313,Lib-G-HC-Sep-Nov_S4_L001_R1_001.fastq,Lib-G-HC-Sep-Nov_S4_L001_R2_001.fastq
TW_201711B.3,Lib_H,TGACCA,IDT_4,G12,Tag_5,Tag_5.Lib_H,ACATGT,GGWACWGGWTGAACWGTWTAYCCYCC,TANACYTCNGGRTGNCCRAARAAYCA,313,Lib-H-HC-Sep-Nov_S5_L001_R1_001.fastq,Lib-H-HC-Sep-Nov_S5_L001_R2_001.fastq
TW_201711A.3,Lib_G,CGATGT,IDT_2,F12,Tag_2,Tag_2.Lib_G,ACAGCA,GGWACWGGWTGAACWGTWTAYCCYCC,TANACYTCNGGRTGNCCRAARAAYCA,313,Lib-G-HC-Sep-Nov_S4_L001_R1_001.fastq,Lib-G-HC-Sep-Nov_S4_L001_R2_001.fastq
PO_201711C.3,Lib_H,TGACCA,IDT_4,E12,Tag_2,Tag_2.Lib_H,ACAGCA,GGWACWGGWTGAACWGTWTAYCCYCC,TANACYTCNGGRTGNCCRAARAAYCA,313,Lib-H-HC-Sep-Nov_S5_L001_R1_001.fastq,Lib-H-HC-Sep-Nov_S5_L001_R2_001.fastq
PO_201711B.3,Lib_H,TGACCA,IDT_4,D12,Tag_14,Tag_14.Lib_H,TCGTCA,GGWACWGGWTGAACWGTWTAYCCYCC,TANACYTCNGGRTGNCCRAARAAYCA,313,Lib-H-HC-Sep-Nov_S5_L001_R1_001.fastq,Lib-H-HC-Sep-Nov_S5_L001_R2_001.fastq
PO_201711A.3,Lib_H,TGACCA,IDT_4,C12,Tag_7,Tag_7.Lib_H,ATATCG,GGWACWGGWTGAACWGTWTAYCCYCC,TANACYTCNGGRTGNCCRAARAAYCA,313,Lib-H-HC-Sep-Nov_S5_L001_R1_001.fastq,Lib-H-HC-Sep-Nov_S5_L001_R2_001.fastq
LL_201711C.3,Lib_G,CGATGT,IDT_2,B12,Tag_15,Tag_15.Lib_G,CGACGC,GGWACWGGWTGAACWGTWTAYCCYCC,TANACYTCNGGRTGNCCRAARAAYCA,313,Lib-G-HC-Sep-Nov_S4_L001_R1_001.fastq,Lib-G-HC-Sep-Nov_S4_L001_R2_001.fastq
LL_201711B.3,Lib_I,ACAGTG,IDT_5,A12,Tag_4,Tag_4.Lib_I,GCGCTC,GGWACWGGWTGAACWGTWTAYCCYCC,TANACYTCNGGRTGNCCRAARAAYCA,313,Lib-I-HC-Sep-Nov_S6_L001_R1_001.fastq,Lib-I-HC-Sep-Nov_S6_L001_R2_001.fastq
TR_201711C.3,Lib_I,ACAGTG,IDT_5,G11,Tag_15,Tag_15.Lib_I,CGACGC,GGWACWGGWTGAACWGTWTAYCCYCC,TANACYTCNGGRTGNCCRAARAAYCA,313,Lib-I-HC-Sep-Nov_S6_L001_R1_001.fastq,Lib-I-HC-Sep-Nov_S6_L001_R2_001.fastq
FH_201708A.3,Lib_A,AGTCAA,IDT_13,C11,Tag_16,Tag_16.Lib_A,GCGAGT,GGWACWGGWTGAACWGTWTAYCCYCC,TANACYTCNGGRTGNCCRAARAAYCA,313,Lib-A-SJI-Jun-Jul-Aug_S1_L001_R1_001.fastq,Lib-A-SJI-Jun-Jul-Aug_S1_L001_R2_001.fastq
TR_201711A.3,Lib_I,ACAGTG,IDT_5,F11,Tag_10,Tag_10.Lib_I,TGTATG,GGWACWGGWTGAACWGTWTAYCCYCC,TANACYTCNGGRTGNCCRAARAAYCA,313,Lib-I-HC-Sep-Nov_S6_L001_R1_001.fastq,Lib-I-HC-Sep-Nov_S6_L001_R2_001.fastq
SA_201711C.3,Lib_G,CGATGT,IDT_2,C11,Tag_13,Tag_13.Lib_G,ATCAGT,GGWACWGGWTGAACWGTWTAYCCYCC,TANACYTCNGGRTGNCCRAARAAYCA,313,Lib-G-HC-Sep-Nov_S4_L001_R1_001.fastq,Lib-G-HC-Sep-Nov_S4_L001_R2_001.fastq
SA_201711A.3,Lib_G,CGATGT,IDT_2,B11,Tag_3,Tag_3.Lib_G,GTCTCT,GGWACWGGWTGAACWGTWTAYCCYCC,TANACYTCNGGRTGNCCRAARAAYCA,313,Lib-G-HC-Sep-Nov_S4_L001_R1_001.fastq,Lib-G-HC-Sep-Nov_S4_L001_R2_001.fastq
TW_201709C.3,Lib_I,ACAGTG,IDT_5,A11,Tag_14,Tag_14.Lib_I,TCGTCA,GGWACWGGWTGAACWGTWTAYCCYCC,TANACYTCNGGRTGNCCRAARAAYCA,313,Lib-I-HC-Sep-Nov_S6_L001_R1_001.fastq,Lib-I-HC-Sep-Nov_S6_L001_R2_001.fastq
TW_201709B.3,Lib_I,ACAGTG,IDT_5,H10,Tag_2,Tag_2.Lib_I,ACAGCA,GGWACWGGWTGAACWGTWTAYCCYCC,TANACYTCNGGRTGNCCRAARAAYCA,313,Lib-I-HC-Sep-Nov_S6_L001_R1_001.fastq,Lib-I-HC-Sep-Nov_S6_L001_R2_001.fastq
TW_201709A.3,Lib_I,ACAGTG,IDT_5,G10,Tag_1,Tag_1.Lib_I,ACACAC,GGWACWGGWTGAACWGTWTAYCCYCC,TANACYTCNGGRTGNCCRAARAAYCA,313,Lib-I-HC-Sep-Nov_S6_L001_R1_001.fastq,Lib-I-HC-Sep-Nov_S6_L001_R2_001.fastq
PO_201709C.3,Lib_G,CGATGT,IDT_2,F10,Tag_4,Tag_4.Lib_G,GCGCTC,GGWACWGGWTGAACWGTWTAYCCYCC,TANACYTCNGGRTGNCCRAARAAYCA,313,Lib-G-HC-Sep-Nov_S4_L001_R1_001.fastq,Lib-G-HC-Sep-Nov_S4_L001_R2_001.fastq
PO_201709B.3,Lib_H,TGACCA,IDT_4,E10,Tag_8,Tag_8.Lib_H,CTCGCA,GGWACWGGWTGAACWGTWTAYCCYCC,TANACYTCNGGRTGNCCRAARAAYCA,313,Lib-H-HC-Sep-Nov_S5_L001_R1_001.fastq,Lib-H-HC-Sep-Nov_S5_L001_R2_001.fastq
LL_201709C.3,Lib_H,TGACCA,IDT_4,C10,Tag_10,Tag_10.Lib_H,TGTATG,GGWACWGGWTGAACWGTWTAYCCYCC,TANACYTCNGGRTGNCCRAARAAYCA,313,Lib-H-HC-Sep-Nov_S5_L001_R1_001.fastq,Lib-H-HC-Sep-Nov_S5_L001_R2_001.fastq
LL_201709B.3,Lib_G,CGATGT,IDT_2,B10,Tag_10,Tag_10.Lib_G,TGTATG,GGWACWGGWTGAACWGTWTAYCCYCC,TANACYTCNGGRTGNCCRAARAAYCA,313,Lib-G-HC-Sep-Nov_S4_L001_R1_001.fastq,Lib-G-HC-Sep-Nov_S4_L001_R2_001.fastq
TR_201709C.3,Lib_H,TGACCA,IDT_4,H9,Tag_11,Tag_11.Lib_H,GCAGTG,GGWACWGGWTGAACWGTWTAYCCYCC,TANACYTCNGGRTGNCCRAARAAYCA,313,Lib-H-HC-Sep-Nov_S5_L001_R1_001.fastq,Lib-H-HC-Sep-Nov_S5_L001_R2_001.fastq
TR_201709B.3,Lib_I,ACAGTG,IDT_5,G9,Tag_11,Tag_11.Lib_I,GCAGTG,GGWACWGGWTGAACWGTWTAYCCYCC,TANACYTCNGGRTGNCCRAARAAYCA,313,Lib-I-HC-Sep-Nov_S6_L001_R1_001.fastq,Lib-I-HC-Sep-Nov_S6_L001_R2_001.fastq
TR_201709A.3,Lib_G,CGATGT,IDT_2,F9,Tag_12,Tag_12.Lib_G,GATGAC,GGWACWGGWTGAACWGTWTAYCCYCC,TANACYTCNGGRTGNCCRAARAAYCA,313,Lib-G-HC-Sep-Nov_S4_L001_R1_001.fastq,Lib-G-HC-Sep-Nov_S4_L001_R2_001.fastq
SA_201709C.3,Lib_H,TGACCA,IDT_4,E9,Tag_1,Tag_1.Lib_H,ACACAC,GGWACWGGWTGAACWGTWTAYCCYCC,TANACYTCNGGRTGNCCRAARAAYCA,313,Lib-H-HC-Sep-Nov_S5_L001_R1_001.fastq,Lib-H-HC-Sep-Nov_S5_L001_R2_001.fastq
SA_201709B.3,Lib_I,ACAGTG,IDT_5,D9,Tag_13,Tag_13.Lib_I,ATCAGT,GGWACWGGWTGAACWGTWTAYCCYCC,TANACYTCNGGRTGNCCRAARAAYCA,313,Lib-I-HC-Sep-Nov_S6_L001_R1_001.fastq,Lib-I-HC-Sep-Nov_S6_L001_R2_001.fastq
SA_201709A.3,Lib_G,CGATGT,IDT_2,C9,Tag_9,Tag_9.Lib_G,TCGCAT,GGWACWGGWTGAACWGTWTAYCCYCC,TANACYTCNGGRTGNCCRAARAAYCA,313,Lib-G-HC-Sep-Nov_S4_L001_R1_001.fastq,Lib-G-HC-Sep-Nov_S4_L001_R2_001.fastq
TW_201711C.2,Lib_G,CGATGT,IDT_2,B9,Tag_1,Tag_1.Lib_G,ACACAC,GGWACWGGWTGAACWGTWTAYCCYCC,TANACYTCNGGRTGNCCRAARAAYCA,313,Lib-G-HC-Sep-Nov_S4_L001_R1_001.fastq,Lib-G-HC-Sep-Nov_S4_L001_R2_001.fastq
TW_201711A.2,Lib_H,TGACCA,IDT_4,H8,Tag_13,Tag_13.Lib_H,ATCAGT,GGWACWGGWTGAACWGTWTAYCCYCC,TANACYTCNGGRTGNCCRAARAAYCA,313,Lib-H-HC-Sep-Nov_S5_L001_R1_001.fastq,Lib-H-HC-Sep-Nov_S5_L001_R2_001.fastq
PO_201711C.2,Lib_I,ACAGTG,IDT_5,G8,Tag_12,Tag_12.Lib_I,GATGAC,GGWACWGGWTGAACWGTWTAYCCYCC,TANACYTCNGGRTGNCCRAARAAYCA,313,Lib-I-HC-Sep-Nov_S6_L001_R1_001.fastq,Lib-I-HC-Sep-Nov_S6_L001_R2_001.fastq
LL_201711C.2,Lib_I,ACAGTG,IDT_5,C8,Tag_9,Tag_9.Lib_I,TCGCAT,GGWACWGGWTGAACWGTWTAYCCYCC,TANACYTCNGGRTGNCCRAARAAYCA,313,Lib-I-HC-Sep-Nov_S6_L001_R1_001.fastq,Lib-I-HC-Sep-Nov_S6_L001_R2_001.fastq
LL_201711B.2,Lib_H,TGACCA,IDT_4,B8,Tag_12,Tag_12.Lib_H,GATGAC,GGWACWGGWTGAACWGTWTAYCCYCC,TANACYTCNGGRTGNCCRAARAAYCA,313,Lib-H-HC-Sep-Nov_S5_L001_R1_001.fastq,Lib-H-HC-Sep-Nov_S5_L001_R2_001.fastq
SA_201711C.2,Lib_I,ACAGTG,IDT_5,E7,Tag_3,Tag_3.Lib_I,GTCTCT,GGWACWGGWTGAACWGTWTAYCCYCC,TANACYTCNGGRTGNCCRAARAAYCA,313,Lib-I-HC-Sep-Nov_S6_L001_R1_001.fastq,Lib-I-HC-Sep-Nov_S6_L001_R2_001.fastq
SA_201711A.2,Lib_H,TGACCA,IDT_4,D7,Tag_15,Tag_15.Lib_H,CGACGC,GGWACWGGWTGAACWGTWTAYCCYCC,TANACYTCNGGRTGNCCRAARAAYCA,313,Lib-H-HC-Sep-Nov_S5_L001_R1_001.fastq,Lib-H-HC-Sep-Nov_S5_L001_R2_001.fastq
TW_201709C.2,Lib_G,CGATGT,IDT_2,C7,Tag_8,Tag_8.Lib_G,CTCGCA,GGWACWGGWTGAACWGTWTAYCCYCC,TANACYTCNGGRTGNCCRAARAAYCA,313,Lib-G-HC-Sep-Nov_S4_L001_R1_001.fastq,Lib-G-HC-Sep-Nov_S4_L001_R2_001.fastq
TW_201709A.2,Lib_G,CGATGT,IDT_2,A7,Tag_7,Tag_7.Lib_G,ATATCG,GGWACWGGWTGAACWGTWTAYCCYCC,TANACYTCNGGRTGNCCRAARAAYCA,313,Lib-G-HC-Sep-Nov_S4_L001_R1_001.fastq,Lib-G-HC-Sep-Nov_S4_L001_R2_001.fastq
PO_201709C.2,Lib_I,ACAGTG,IDT_5,H6,Tag_7,Tag_7.Lib_I,ATATCG,GGWACWGGWTGAACWGTWTAYCCYCC,TANACYTCNGGRTGNCCRAARAAYCA,313,Lib-I-HC-Sep-Nov_S6_L001_R1_001.fastq,Lib-I-HC-Sep-Nov_S6_L001_R2_001.fastq
PO_201709B.2,Lib_I,ACAGTG,IDT_5,G6,Tag_8,Tag_8.Lib_I,CTCGCA,GGWACWGGWTGAACWGTWTAYCCYCC,TANACYTCNGGRTGNCCRAARAAYCA,313,Lib-I-HC-Sep-Nov_S6_L001_R1_001.fastq,Lib-I-HC-Sep-Nov_S6_L001_R2_001.fastq
PO_201709A.2,Lib_I,ACAGTG,IDT_5,F6,Tag_6,Tag_6.Lib_I,ACGACG,GGWACWGGWTGAACWGTWTAYCCYCC,TANACYTCNGGRTGNCCRAARAAYCA,313,Lib-I-HC-Sep-Nov_S6_L001_R1_001.fastq,Lib-I-HC-Sep-Nov_S6_L001_R2_001.fastq
LL_201709C.2,Lib_G,CGATGT,IDT_2,E6,Tag_11,Tag_11.Lib_G,GCAGTG,GGWACWGGWTGAACWGTWTAYCCYCC,TANACYTCNGGRTGNCCRAARAAYCA,313,Lib-G-HC-Sep-Nov_S4_L001_R1_001.fastq,Lib-G-HC-Sep-Nov_S4_L001_R2_001.fastq
LL_201709B.2,Lib_H,TGACCA,IDT_4,D6,Tag_9,Tag_9.Lib_H,TCGCAT,GGWACWGGWTGAACWGTWTAYCCYCC,TANACYTCNGGRTGNCCRAARAAYCA,313,Lib-H-HC-Sep-Nov_S5_L001_R1_001.fastq,Lib-H-HC-Sep-Nov_S5_L001_R2_001.fastq
LL_201709A.2,Lib_G,CGATGT,IDT_2,C6,Tag_14,Tag_14.Lib_G,TCGTCA,GGWACWGGWTGAACWGTWTAYCCYCC,TANACYTCNGGRTGNCCRAARAAYCA,313,Lib-G-HC-Sep-Nov_S4_L001_R1_001.fastq,Lib-G-HC-Sep-Nov_S4_L001_R2_001.fastq
TR_201709C.2,Lib_G,CGATGT,IDT_2,B6,Tag_6,Tag_6.Lib_G,ACGACG,GGWACWGGWTGAACWGTWTAYCCYCC,TANACYTCNGGRTGNCCRAARAAYCA,313,Lib-G-HC-Sep-Nov_S4_L001_R1_001.fastq,Lib-G-HC-Sep-Nov_S4_L001_R2_001.fastq
SA_201709A.2,Lib_I,ACAGTG,IDT_5,E5,Tag_5,Tag_5.Lib_I,ACATGT,GGWACWGGWTGAACWGTWTAYCCYCC,TANACYTCNGGRTGNCCRAARAAYCA,313,Lib-I-HC-Sep-Nov_S6_L001_R1_001.fastq,Lib-I-HC-Sep-Nov_S6_L001_R2_001.fastq
PO_201711A.1,Lib_H,TGACCA,IDT_4,G4,Tag_4,Tag_4.Lib_H,GCGCTC,GGWACWGGWTGAACWGTWTAYCCYCC,TANACYTCNGGRTGNCCRAARAAYCA,313,Lib-H-HC-Sep-Nov_S5_L001_R1_001.fastq,Lib-H-HC-Sep-Nov_S5_L001_R2_001.fastq
TR_201711A.1,Lib_H,TGACCA,IDT_4,B4,Tag_3,Tag_3.Lib_H,GTCTCT,GGWACWGGWTGAACWGTWTAYCCYCC,TANACYTCNGGRTGNCCRAARAAYCA,313,Lib-H-HC-Sep-Nov_S5_L001_R1_001.fastq,Lib-H-HC-Sep-Nov_S5_L001_R2_001.fastq
LL_201709A.1,Lib_H,TGACCA,IDT_4,E2,Tag_6,Tag_6.Lib_H,ACGACG,GGWACWGGWTGAACWGTWTAYCCYCC,TANACYTCNGGRTGNCCRAARAAYCA,313,Lib-H-HC-Sep-Nov_S5_L001_R1_001.fastq,Lib-H-HC-Sep-Nov_S5_L001_R2_001.fastq