,order,sample_id,original_sample,Site,library_tag_combo,Tag,file1,file2,pri_index_name,pri_index_seq,sec_index_start,vol_actual_uL,PCR2.date,sample_type,locus,primerF_seq,primerR_seq,tag_number,sec_index_seq,experiment,vol_product_unclean_uL,vol_clean_input,vol_clean_elute_uL,vol_clean_total_uL,vol_removed_gel_uL,vol_removed_qubit_uL,vol_removed_BA,vol_remain_uL,conc_DNA_sample_ng.uL,mass_DNA_total_ng,fragment_size_BA,conc_DNA_BA_nguL,mass_DNA_pooled_ng,vol_pooled_undiluted_uL,Amount.Needed..ul..for.Kappa.Kit......1ng.
1,YES,TW20170311A.1,TW20170311A,Twanoh,Lib_G_Tag_8,8,Good-lib9_S7_L001_R1_001.fastq,Good-lib9_S7_L001_R2_001.fastq,9,ACTTGA,4,NA,NA,eDNA,COI,GGWACWGGWTGAACWGTWTAYCCYCC,TANACYTCNGGRTGNCCRAARAAYCA,8,CTCGCA,OA_eDNA,NA,NA,NA,NA,NA,NA,NA,NA,NA,NA,NA,NA,NA,1.4,NA
2,YES,TW20170311B.1,TW20170311B,Twanoh,Lib_D_Tag_13,13,Good-lib4_S4_L001_R1_001.fastq,Good-lib4_S4_L001_R2_001.fastq,4,GCCAAT,4,NA,NA,eDNA,COI,GGWACWGGWTGAACWGTWTAYCCYCC,TANACYTCNGGRTGNCCRAARAAYCA,13,ATCAGT,OA_eDNA,NA,NA,NA,NA,NA,NA,NA,NA,NA,NA,NA,NA,NA,0.4,NA
3,YES,TW20170311C.1,TW20170311C,Twanoh,Lib_F_Tag_9,9,Good-lib6_S6_L001_R1_001.fastq,Good-lib6_S6_L001_R2_001.fastq,6,CTTGTA,4,NA,NA,eDNA,COI,GGWACWGGWTGAACWGTWTAYCCYCC,TANACYTCNGGRTGNCCRAARAAYCA,9,TCGCAT,OA_eDNA,NA,NA,NA,NA,NA,NA,NA,NA,NA,NA,NA,NA,NA,0.4,NA
4,YES,PO20170311A.1,PO20170311A,Potlatch,Lib_B_Tag_2,2,Good-lib2_S2_L001_R1_001.fastq,Good-lib2_S2_L001_R2_001.fastq,2,TGACCA,4,NA,NA,eDNA,COI,GGWACWGGWTGAACWGTWTAYCCYCC,TANACYTCNGGRTGNCCRAARAAYCA,2,ACAGCA,OA_eDNA,NA,NA,NA,NA,NA,NA,NA,NA,NA,NA,NA,NA,NA,0.5,NA
5,YES,PO20170311B.1,PO20170311B,Potlatch,Lib_A_Tag_7,7,Good-lib1_S1_L001_R1_001.fastq,Good-lib1_S1_L001_R2_001.fastq,1,CGATGT,4,NA,NA,eDNA,COI,GGWACWGGWTGAACWGTWTAYCCYCC,TANACYTCNGGRTGNCCRAARAAYCA,7,ATATCG,OA_eDNA,NA,NA,NA,NA,NA,NA,NA,NA,NA,NA,NA,NA,NA,0.4,NA
6,YES,PO20170311C.1,PO20170311C,Potlatch,Lib_E_Tag_12,12,Good-lib5_S5_L001_R1_001.fastq,Good-lib5_S5_L001_R2_001.fastq,5,CAGATC,4,NA,NA,eDNA,COI,GGWACWGGWTGAACWGTWTAYCCYCC,TANACYTCNGGRTGNCCRAARAAYCA,12,GATGAC,OA_eDNA,NA,NA,NA,NA,NA,NA,NA,NA,NA,NA,NA,NA,NA,0.3,NA
27,YES,LL20170312D.1,LL20170312D,Lilliwaup,Lib_B_Tag_10,10,Good-lib2_S2_L001_R1_001.fastq,Good-lib2_S2_L001_R2_001.fastq,2,TGACCA,4,NA,NA,eDNA,COI,GGWACWGGWTGAACWGTWTAYCCYCC,TANACYTCNGGRTGNCCRAARAAYCA,10,TGTATG,OA_eDNA,NA,NA,NA,NA,NA,NA,NA,NA,NA,NA,NA,NA,NA,34.8,NA
28,YES,LL20170312E.1,LL20170312E,Lilliwaup,Lib_F_Tag_15,15,Good-lib6_S6_L001_R1_001.fastq,Good-lib6_S6_L001_R2_001.fastq,6,CTTGTA,4,NA,NA,eDNA,COI,GGWACWGGWTGAACWGTWTAYCCYCC,TANACYTCNGGRTGNCCRAARAAYCA,15,CGACGC,OA_eDNA,NA,NA,NA,NA,NA,NA,NA,NA,NA,NA,NA,NA,NA,1.4,NA
29,YES,LL20170312F.1,LL20170312F,Lilliwaup,Lib_F_Tag_1,1,Good-lib6_S6_L001_R1_001.fastq,Good-lib6_S6_L001_R2_001.fastq,6,CTTGTA,4,NA,NA,eDNA,COI,GGWACWGGWTGAACWGTWTAYCCYCC,TANACYTCNGGRTGNCCRAARAAYCA,1,ACACAC,OA_eDNA,NA,NA,NA,NA,NA,NA,NA,NA,NA,NA,NA,NA,NA,2.8,NA
33,YES,TW20170311A.2,TW20170311A,Twanoh,Lib_D_Tag_11,11,Good-lib4_S4_L001_R1_001.fastq,Good-lib4_S4_L001_R2_001.fastq,4,GCCAAT,4,NA,NA,eDNA,COI,GGWACWGGWTGAACWGTWTAYCCYCC,TANACYTCNGGRTGNCCRAARAAYCA,11,GCAGTG,OA_eDNA,NA,NA,NA,NA,NA,NA,NA,NA,NA,NA,NA,NA,NA,0.8,NA
34,YES,TW20170311B.2,TW20170311B,Twanoh,Lib_A_Tag_5,5,Good-lib1_S1_L001_R1_001.fastq,Good-lib1_S1_L001_R2_001.fastq,1,CGATGT,4,NA,NA,eDNA,COI,GGWACWGGWTGAACWGTWTAYCCYCC,TANACYTCNGGRTGNCCRAARAAYCA,5,ACATGT,OA_eDNA,NA,NA,NA,NA,NA,NA,NA,NA,NA,NA,NA,NA,NA,0.8,NA
35,YES,TW20170311C.2,TW20170311C,Twanoh,Lib_G_Tag_2,2,Good-lib9_S7_L001_R1_001.fastq,Good-lib9_S7_L001_R2_001.fastq,9,ACTTGA,4,NA,NA,eDNA,COI,GGWACWGGWTGAACWGTWTAYCCYCC,TANACYTCNGGRTGNCCRAARAAYCA,2,ACAGCA,OA_eDNA,NA,NA,NA,NA,NA,NA,NA,NA,NA,NA,NA,NA,NA,1.3,NA
36,YES,PO20170311A.2,PO20170311A,Potlatch,Lib_F_Tag_10,10,Good-lib6_S6_L001_R1_001.fastq,Good-lib6_S6_L001_R2_001.fastq,6,CTTGTA,4,NA,NA,eDNA,COI,GGWACWGGWTGAACWGTWTAYCCYCC,TANACYTCNGGRTGNCCRAARAAYCA,10,TGTATG,OA_eDNA,NA,NA,NA,NA,NA,NA,NA,NA,NA,NA,NA,NA,NA,1.5,NA
37,YES,PO20170311B.2,PO20170311B,Potlatch,Lib_C_Tag_11,11,Good-lib3_S3_L001_R1_001.fastq,Good-lib3_S3_L001_R2_001.fastq,3,ACAGTG,4,NA,NA,eDNA,COI,GGWACWGGWTGAACWGTWTAYCCYCC,TANACYTCNGGRTGNCCRAARAAYCA,11,GCAGTG,OA_eDNA,NA,NA,NA,NA,NA,NA,NA,NA,NA,NA,NA,NA,NA,1.5,NA
38,YES,PO20170311C.2,PO20170311C,Potlatch,Lib_A_Tag_9,9,Good-lib1_S1_L001_R1_001.fastq,Good-lib1_S1_L001_R2_001.fastq,1,CGATGT,4,NA,NA,eDNA,COI,GGWACWGGWTGAACWGTWTAYCCYCC,TANACYTCNGGRTGNCCRAARAAYCA,9,TCGCAT,OA_eDNA,NA,NA,NA,NA,NA,NA,NA,NA,NA,NA,NA,NA,NA,1.1,NA
59,YES,LL20170312D.2,LL20170312D,Lilliwaup,Lib_D_Tag_14,14,Good-lib4_S4_L001_R1_001.fastq,Good-lib4_S4_L001_R2_001.fastq,4,GCCAAT,4,NA,NA,eDNA,COI,GGWACWGGWTGAACWGTWTAYCCYCC,TANACYTCNGGRTGNCCRAARAAYCA,14,TCGTCA,OA_eDNA,NA,NA,NA,NA,NA,NA,NA,NA,NA,NA,NA,NA,NA,0.7,NA
60,YES,LL20170312E.2,LL20170312E,Lilliwaup,Lib_B_Tag_7,7,Good-lib2_S2_L001_R1_001.fastq,Good-lib2_S2_L001_R2_001.fastq,2,TGACCA,4,NA,NA,eDNA,COI,GGWACWGGWTGAACWGTWTAYCCYCC,TANACYTCNGGRTGNCCRAARAAYCA,7,ATATCG,OA_eDNA,NA,NA,NA,NA,NA,NA,NA,NA,NA,NA,NA,NA,NA,0.6,NA
61,YES,LL20170312F.2,LL20170312F,Lilliwaup,Lib_G_Tag_5,5,Good-lib9_S7_L001_R1_001.fastq,Good-lib9_S7_L001_R2_001.fastq,9,ACTTGA,4,NA,NA,eDNA,COI,GGWACWGGWTGAACWGTWTAYCCYCC,TANACYTCNGGRTGNCCRAARAAYCA,5,ACATGT,OA_eDNA,NA,NA,NA,NA,NA,NA,NA,NA,NA,NA,NA,NA,NA,0.6,NA
65,YES,TW20170311A.3,TW20170311A,Twanoh,Lib_F_Tag_4,4,Good-lib6_S6_L001_R1_001.fastq,Good-lib6_S6_L001_R2_001.fastq,6,CTTGTA,4,NA,NA,eDNA,COI,GGWACWGGWTGAACWGTWTAYCCYCC,TANACYTCNGGRTGNCCRAARAAYCA,4,GCGCTC,OA_eDNA,NA,NA,NA,NA,NA,NA,NA,NA,NA,NA,NA,NA,NA,0.5,NA
66,YES,TW20170311B.3,TW20170311B,Twanoh,Lib_B_Tag_4,4,Good-lib2_S2_L001_R1_001.fastq,Good-lib2_S2_L001_R2_001.fastq,2,TGACCA,4,NA,NA,eDNA,COI,GGWACWGGWTGAACWGTWTAYCCYCC,TANACYTCNGGRTGNCCRAARAAYCA,4,GCGCTC,OA_eDNA,NA,NA,NA,NA,NA,NA,NA,NA,NA,NA,NA,NA,NA,0.7,NA
67,YES,TW20170311C.3,TW20170311C,Twanoh,Lib_C_Tag_4,4,Good-lib3_S3_L001_R1_001.fastq,Good-lib3_S3_L001_R2_001.fastq,3,ACAGTG,4,NA,NA,eDNA,COI,GGWACWGGWTGAACWGTWTAYCCYCC,TANACYTCNGGRTGNCCRAARAAYCA,4,GCGCTC,OA_eDNA,NA,NA,NA,NA,NA,NA,NA,NA,NA,NA,NA,NA,NA,0.6,NA
68,YES,PO20170311A.3,PO20170311A,Potlatch,Lib_A_Tag_6,6,Good-lib1_S1_L001_R1_001.fastq,Good-lib1_S1_L001_R2_001.fastq,1,CGATGT,4,NA,NA,eDNA,COI,GGWACWGGWTGAACWGTWTAYCCYCC,TANACYTCNGGRTGNCCRAARAAYCA,6,ACGACG,OA_eDNA,NA,NA,NA,NA,NA,NA,NA,NA,NA,NA,NA,NA,NA,0.8,NA
69,YES,PO20170311B.3,PO20170311B,Potlatch,Lib_G_Tag_9,9,Good-lib9_S7_L001_R1_001.fastq,Good-lib9_S7_L001_R2_001.fastq,9,ACTTGA,4,NA,NA,eDNA,COI,GGWACWGGWTGAACWGTWTAYCCYCC,TANACYTCNGGRTGNCCRAARAAYCA,9,TCGCAT,OA_eDNA,NA,NA,NA,NA,NA,NA,NA,NA,NA,NA,NA,NA,NA,0.6,NA
70,YES,PO20170311C.3,PO20170311C,Potlatch,Lib_A_Tag_15,15,Good-lib1_S1_L001_R1_001.fastq,Good-lib1_S1_L001_R2_001.fastq,1,CGATGT,4,NA,NA,eDNA,COI,GGWACWGGWTGAACWGTWTAYCCYCC,TANACYTCNGGRTGNCCRAARAAYCA,15,CGACGC,OA_eDNA,NA,NA,NA,NA,NA,NA,NA,NA,NA,NA,NA,NA,NA,0.5,NA
91,YES,LL20170312D.3,LL20170312D,Lilliwaup,Lib_C_Tag_10,10,Good-lib3_S3_L001_R1_001.fastq,Good-lib3_S3_L001_R2_001.fastq,3,ACAGTG,4,NA,NA,eDNA,COI,GGWACWGGWTGAACWGTWTAYCCYCC,TANACYTCNGGRTGNCCRAARAAYCA,10,TGTATG,OA_eDNA,NA,NA,NA,NA,NA,NA,NA,NA,NA,NA,NA,NA,NA,0.3,NA
92,YES,LL20170312E.3,LL20170312E,Lilliwaup,Lib_C_Tag_6,6,Good-lib3_S3_L001_R1_001.fastq,Good-lib3_S3_L001_R2_001.fastq,3,ACAGTG,4,NA,NA,eDNA,COI,GGWACWGGWTGAACWGTWTAYCCYCC,TANACYTCNGGRTGNCCRAARAAYCA,6,ACGACG,OA_eDNA,NA,NA,NA,NA,NA,NA,NA,NA,NA,NA,NA,NA,NA,0.6,NA
93,YES,LL20170312F.3,LL20170312F,Lilliwaup,Lib_E_Tag_14,14,Good-lib5_S5_L001_R1_001.fastq,Good-lib5_S5_L001_R2_001.fastq,5,CAGATC,4,NA,NA,eDNA,COI,GGWACWGGWTGAACWGTWTAYCCYCC,TANACYTCNGGRTGNCCRAARAAYCA,14,TCGTCA,OA_eDNA,NA,NA,NA,NA,NA,NA,NA,NA,NA,NA,NA,NA,NA,0.5,NA
97,YES,Ostrich1,Ostric,Ostric,Lib_F_Tag_3,3,Good-lib6_S6_L001_R1_001.fastq,Good-lib6_S6_L001_R2_001.fastq,6,CTTGTA,4,NA,NA,Positive Ctrl,COI,GGWACWGGWTGAACWGTWTAYCCYCC,TANACYTCNGGRTGNCCRAARAAYCA,3,GTCTCT,OA_eDNA,NA,NA,NA,NA,NA,NA,NA,NA,NA,NA,NA,NA,NA,0.7,NA
98,YES,Ostrich2,Ostric,Ostric,Lib_A_Tag_11,11,Good-lib1_S1_L001_R1_001.fastq,Good-lib1_S1_L001_R2_001.fastq,1,CGATGT,4,NA,NA,Positive Ctrl,COI,GGWACWGGWTGAACWGTWTAYCCYCC,TANACYTCNGGRTGNCCRAARAAYCA,11,GCAGTG,OA_eDNA,NA,NA,NA,NA,NA,NA,NA,NA,NA,NA,NA,NA,NA,0.6,NA
99,YES,Ostrich3,Ostric,Ostric,Lib_E_Tag_2,2,Good-lib5_S5_L001_R1_001.fastq,Good-lib5_S5_L001_R2_001.fastq,5,CAGATC,4,NA,NA,Positive Ctrl,COI,GGWACWGGWTGAACWGTWTAYCCYCC,TANACYTCNGGRTGNCCRAARAAYCA,2,ACAGCA,OA_eDNA,NA,NA,NA,NA,NA,NA,NA,NA,NA,NA,NA,NA,NA,0.5,NA