sample_id,sec_index_seq,primerF_seq,primerR_seq,Tag,Lib,SampleShort,Combo,insert_size,sec_index_start,Site,Station,Month,file1,file2,pri_index_name,pri_index_seq
SA_201705A.1,GCAGTG,GGWACWGGWTGAACWGTWTAYCCYCC,TANACYTCNGGRTGNCCRAARAAYCA,Tag_11,Lib_F,SA_201705A,Tag_11_Lib_F,313,4,Salisbury,SA_201705,May,lib6_S6_L001_R1_001.fastq,lib6_S6_L001_R2_001.fastq,Lib_F,Lib_F
SA_201705B.1,TGTATG,GGWACWGGWTGAACWGTWTAYCCYCC,TANACYTCNGGRTGNCCRAARAAYCA,Tag_10,Lib_E,SA_201705B,Tag_10_Lib_E,313,4,Salisbury,SA_201705,May,lib5_S5_L001_R1_001.fastq,lib5_S5_L001_R2_001.fastq,Lib_E,Lib_E
SA_201705C.1,GCGCTC,GGWACWGGWTGAACWGTWTAYCCYCC,TANACYTCNGGRTGNCCRAARAAYCA,Tag_4,Lib_F,SA_201705C,Tag_4_Lib_F,313,4,Salisbury,SA_201705,May,lib6_S6_L001_R1_001.fastq,lib6_S6_L001_R2_001.fastq,Lib_F,Lib_F
TR_201705A.1,CGACGC,GGWACWGGWTGAACWGTWTAYCCYCC,TANACYTCNGGRTGNCCRAARAAYCA,Tag_15,Lib_B,TR_201705A,Tag_15_Lib_B,313,4,Triton,TR_201705,May,lib2_S2_L001_R1_001.fastq,lib2_S2_L001_R2_001.fastq,Lib_B,Lib_B
TR_201705B.1,ACGACG,GGWACWGGWTGAACWGTWTAYCCYCC,TANACYTCNGGRTGNCCRAARAAYCA,Tag_6,Lib_B,TR_201705B,Tag_6_Lib_B,313,4,Triton,TR_201705,May,lib2_S2_L001_R1_001.fastq,lib2_S2_L001_R2_001.fastq,Lib_B,Lib_B
TR_201705C.1,CTCGCA,GGWACWGGWTGAACWGTWTAYCCYCC,TANACYTCNGGRTGNCCRAARAAYCA,Tag_8,Lib_A,TR_201705C,Tag_8_Lib_A,313,4,Triton,TR_201705,May,lib1_S1_L001_R1_001.fastq,lib1_S1_L001_R2_001.fastq,Lib_A,Lib_A
LL_201706A.1,ACACAC,GGWACWGGWTGAACWGTWTAYCCYCC,TANACYTCNGGRTGNCCRAARAAYCA,Tag_1,Lib_D,LL_201706A,Tag_1_Lib_D,313,4,Lilliwaup,LL_201706,June,lib4_S4_L001_R1_001.fastq,lib4_S4_L001_R2_001.fastq,Lib_D,Lib_D
LL_201705B.1,CTCGCA,GGWACWGGWTGAACWGTWTAYCCYCC,TANACYTCNGGRTGNCCRAARAAYCA,Tag_8,Lib_B,LL_201705B,Tag_8_Lib_B,313,4,Lilliwaup,LL_201705,May,lib2_S2_L001_R1_001.fastq,lib2_S2_L001_R2_001.fastq,Lib_B,Lib_B
LL_201705C.1,GCGAGT,GGWACWGGWTGAACWGTWTAYCCYCC,TANACYTCNGGRTGNCCRAARAAYCA,Tag_16,Lib_E,LL_201705C,Tag_16_Lib_E,313,4,Lilliwaup,LL_201705,May,lib5_S5_L001_R1_001.fastq,lib5_S5_L001_R2_001.fastq,Lib_E,Lib_E
PO_201705A.1,TCGTCA,GGWACWGGWTGAACWGTWTAYCCYCC,TANACYTCNGGRTGNCCRAARAAYCA,Tag_14,Lib_B,PO_201705A,Tag_14_Lib_B,313,4,Potlatch,PO_201705,May,lib2_S2_L001_R1_001.fastq,lib2_S2_L001_R2_001.fastq,Lib_B,Lib_B
PO_201705B.1,ATATCG,GGWACWGGWTGAACWGTWTAYCCYCC,TANACYTCNGGRTGNCCRAARAAYCA,Tag_7,Lib_E,PO_201705B,Tag_7_Lib_E,313,4,Potlatch,PO_201705,May,lib5_S5_L001_R1_001.fastq,lib5_S5_L001_R2_001.fastq,Lib_E,Lib_E
PO_201705C.1,ACATGT,GGWACWGGWTGAACWGTWTAYCCYCC,TANACYTCNGGRTGNCCRAARAAYCA,Tag_5,Lib_C,PO_201705C,Tag_5_Lib_C,313,4,Potlatch,PO_201705,May,lib3_S3_L001_R1_001.fastq,lib3_S3_L001_R2_001.fastq,Lib_C,Lib_C
TW_201705A.1,GTCTCT,GGWACWGGWTGAACWGTWTAYCCYCC,TANACYTCNGGRTGNCCRAARAAYCA,Tag_3,Lib_C,TW_201705A,Tag_3_Lib_C,313,4,Twanoh,TW_201705,May,lib3_S3_L001_R1_001.fastq,lib3_S3_L001_R2_001.fastq,Lib_C,Lib_C
TW_201705B.1,CGACGC,GGWACWGGWTGAACWGTWTAYCCYCC,TANACYTCNGGRTGNCCRAARAAYCA,Tag_15,Lib_E,TW_201705B,Tag_15_Lib_E,313,4,Twanoh,TW_201705,May,lib5_S5_L001_R1_001.fastq,lib5_S5_L001_R2_001.fastq,Lib_E,Lib_E
TW_201705C.1,ACATGT,GGWACWGGWTGAACWGTWTAYCCYCC,TANACYTCNGGRTGNCCRAARAAYCA,Tag_5,Lib_B,TW_201705C,Tag_5_Lib_B,313,4,Twanoh,TW_201705,May,lib2_S2_L001_R1_001.fastq,lib2_S2_L001_R2_001.fastq,Lib_B,Lib_B
Kangaroo.1,ATATCG,GGWACWGGWTGAACWGTWTAYCCYCC,TANACYTCNGGRTGNCCRAARAAYCA,Tag_7,Lib_A,Kangaroo,Tag_7_Lib_A,313,4,NA,NA,NA,lib1_S1_L001_R1_001.fastq,lib1_S1_L001_R2_001.fastq,Lib_A,Lib_A
SA_201706A.1,GCGCTC,GGWACWGGWTGAACWGTWTAYCCYCC,TANACYTCNGGRTGNCCRAARAAYCA,Tag_4,Lib_A,SA_201706A,Tag_4_Lib_A,313,4,Salisbury,SA_201706,June,lib1_S1_L001_R1_001.fastq,lib1_S1_L001_R2_001.fastq,Lib_A,Lib_A
SA_201706B.1,GATGAC,GGWACWGGWTGAACWGTWTAYCCYCC,TANACYTCNGGRTGNCCRAARAAYCA,Tag_12,Lib_E,SA_201706B,Tag_12_Lib_E,313,4,Salisbury,SA_201706,June,lib5_S5_L001_R1_001.fastq,lib5_S5_L001_R2_001.fastq,Lib_E,Lib_E
SA_201706C.1,TCGTCA,GGWACWGGWTGAACWGTWTAYCCYCC,TANACYTCNGGRTGNCCRAARAAYCA,Tag_14,Lib_C,SA_201706C,Tag_14_Lib_C,313,4,Salisbury,SA_201706,June,lib3_S3_L001_R1_001.fastq,lib3_S3_L001_R2_001.fastq,Lib_C,Lib_C
TR_201706A.1,TCGCAT,GGWACWGGWTGAACWGTWTAYCCYCC,TANACYTCNGGRTGNCCRAARAAYCA,Tag_9,Lib_B,TR_201706A,Tag_9_Lib_B,313,4,Triton,TR_201706,June,lib2_S2_L001_R1_001.fastq,lib2_S2_L001_R2_001.fastq,Lib_B,Lib_B
TR_201706B.1,TGTATG,GGWACWGGWTGAACWGTWTAYCCYCC,TANACYTCNGGRTGNCCRAARAAYCA,Tag_10,Lib_A,TR_201706B,Tag_10_Lib_A,313,4,Triton,TR_201706,June,lib1_S1_L001_R1_001.fastq,lib1_S1_L001_R2_001.fastq,Lib_A,Lib_A
TR_201706C.1,ACAGCA,GGWACWGGWTGAACWGTWTAYCCYCC,TANACYTCNGGRTGNCCRAARAAYCA,Tag_2,Lib_C,TR_201706C,Tag_2_Lib_C,313,4,Triton,TR_201706,June,lib3_S3_L001_R1_001.fastq,lib3_S3_L001_R2_001.fastq,Lib_C,Lib_C
TW_201706A.3,ACAGCA,GGWACWGGWTGAACWGTWTAYCCYCC,TANACYTCNGGRTGNCCRAARAAYCA,Tag_2,Lib_D,TW_201706A,Tag_2_Lib_D,313,4,Twanoh,TW_201706,June,lib4_S4_L001_R1_001.fastq,lib4_S4_L001_R2_001.fastq,Lib_D,Lib_D
LL_201706B.1,GCGAGT,GGWACWGGWTGAACWGTWTAYCCYCC,TANACYTCNGGRTGNCCRAARAAYCA,Tag_16,Lib_A,LL_201706B,Tag_16_Lib_A,313,4,Lilliwaup,LL_201706,June,lib1_S1_L001_R1_001.fastq,lib1_S1_L001_R2_001.fastq,Lib_A,Lib_A
LL_201706C.1,GATGAC,GGWACWGGWTGAACWGTWTAYCCYCC,TANACYTCNGGRTGNCCRAARAAYCA,Tag_12,Lib_C,LL_201706C,Tag_12_Lib_C,313,4,Lilliwaup,LL_201706,June,lib3_S3_L001_R1_001.fastq,lib3_S3_L001_R2_001.fastq,Lib_C,Lib_C
PO_201706A.1,TCGCAT,GGWACWGGWTGAACWGTWTAYCCYCC,TANACYTCNGGRTGNCCRAARAAYCA,Tag_9,Lib_A,PO_201706A,Tag_9_Lib_A,313,4,Potlatch,PO_201706,June,lib1_S1_L001_R1_001.fastq,lib1_S1_L001_R2_001.fastq,Lib_A,Lib_A
PO_201706A.3,ACATGT,GGWACWGGWTGAACWGTWTAYCCYCC,TANACYTCNGGRTGNCCRAARAAYCA,Tag_5,Lib_D,PO_201706A,Tag_5_Lib_D,313,4,Potlatch,PO_201706,June,lib4_S4_L001_R1_001.fastq,lib4_S4_L001_R2_001.fastq,Lib_D,Lib_D
PO_201706C.1,GTCTCT,GGWACWGGWTGAACWGTWTAYCCYCC,TANACYTCNGGRTGNCCRAARAAYCA,Tag_3,Lib_A,PO_201706C,Tag_3_Lib_A,313,4,Potlatch,PO_201706,June,lib1_S1_L001_R1_001.fastq,lib1_S1_L001_R2_001.fastq,Lib_A,Lib_A
TR_201706A.2,ACGACG,GGWACWGGWTGAACWGTWTAYCCYCC,TANACYTCNGGRTGNCCRAARAAYCA,Tag_6,Lib_D,TR_201706A,Tag_6_Lib_D,313,4,Triton,TR_201706,June,lib4_S4_L001_R1_001.fastq,lib4_S4_L001_R2_001.fastq,Lib_D,Lib_D
LL_201706C.3,ATATCG,GGWACWGGWTGAACWGTWTAYCCYCC,TANACYTCNGGRTGNCCRAARAAYCA,Tag_7,Lib_D,LL_201706C,Tag_7_Lib_D,313,4,Lilliwaup,LL_201706,June,lib4_S4_L001_R1_001.fastq,lib4_S4_L001_R2_001.fastq,Lib_D,Lib_D
TW_201706C.1,ACACAC,GGWACWGGWTGAACWGTWTAYCCYCC,TANACYTCNGGRTGNCCRAARAAYCA,Tag_1,Lib_B,TW_201706C,Tag_1_Lib_B,313,4,Twanoh,TW_201706,June,lib2_S2_L001_R1_001.fastq,lib2_S2_L001_R2_001.fastq,Lib_B,Lib_B
SA_201705A.2,ATCAGT,GGWACWGGWTGAACWGTWTAYCCYCC,TANACYTCNGGRTGNCCRAARAAYCA,Tag_13,Lib_F,SA_201705A,Tag_13_Lib_F,313,4,Salisbury,SA_201705,May,lib6_S6_L001_R1_001.fastq,lib6_S6_L001_R2_001.fastq,Lib_F,Lib_F
SA_201705B.2,ACAGCA,GGWACWGGWTGAACWGTWTAYCCYCC,TANACYTCNGGRTGNCCRAARAAYCA,Tag_2,Lib_B,SA_201705B,Tag_2_Lib_B,313,4,Salisbury,SA_201705,May,lib2_S2_L001_R1_001.fastq,lib2_S2_L001_R2_001.fastq,Lib_B,Lib_B
SA_201705C.2,GATGAC,GGWACWGGWTGAACWGTWTAYCCYCC,TANACYTCNGGRTGNCCRAARAAYCA,Tag_12,Lib_B,SA_201705C,Tag_12_Lib_B,313,4,Salisbury,SA_201705,May,lib2_S2_L001_R1_001.fastq,lib2_S2_L001_R2_001.fastq,Lib_B,Lib_B
TW_201706A.1,ATCAGT,GGWACWGGWTGAACWGTWTAYCCYCC,TANACYTCNGGRTGNCCRAARAAYCA,Tag_13,Lib_D,TW_201706A,Tag_13_Lib_D,313,4,Twanoh,TW_201706,June,lib4_S4_L001_R1_001.fastq,lib4_S4_L001_R2_001.fastq,Lib_D,Lib_D
TR_201705B.2,ATCAGT,GGWACWGGWTGAACWGTWTAYCCYCC,TANACYTCNGGRTGNCCRAARAAYCA,Tag_13,Lib_C,TR_201705B,Tag_13_Lib_C,313,4,Triton,TR_201705,May,lib3_S3_L001_R1_001.fastq,lib3_S3_L001_R2_001.fastq,Lib_C,Lib_C
TR_201705C.2,CTCGCA,GGWACWGGWTGAACWGTWTAYCCYCC,TANACYTCNGGRTGNCCRAARAAYCA,Tag_8,Lib_E,TR_201705C,Tag_8_Lib_E,313,4,Triton,TR_201705,May,lib5_S5_L001_R1_001.fastq,lib5_S5_L001_R2_001.fastq,Lib_E,Lib_E
LL_201705A.2,ATCAGT,GGWACWGGWTGAACWGTWTAYCCYCC,TANACYTCNGGRTGNCCRAARAAYCA,Tag_13,Lib_A,LL_201705A,Tag_13_Lib_A,313,4,Lilliwaup,LL_201705,May,lib1_S1_L001_R1_001.fastq,lib1_S1_L001_R2_001.fastq,Lib_A,Lib_A
LL_201705B.2,TCGCAT,GGWACWGGWTGAACWGTWTAYCCYCC,TANACYTCNGGRTGNCCRAARAAYCA,Tag_9,Lib_F,LL_201705B,Tag_9_Lib_F,313,4,Lilliwaup,LL_201705,May,lib6_S6_L001_R1_001.fastq,lib6_S6_L001_R2_001.fastq,Lib_F,Lib_F
LL_201705C.2,TGTATG,GGWACWGGWTGAACWGTWTAYCCYCC,TANACYTCNGGRTGNCCRAARAAYCA,Tag_10,Lib_F,LL_201705C,Tag_10_Lib_F,313,4,Lilliwaup,LL_201705,May,lib6_S6_L001_R1_001.fastq,lib6_S6_L001_R2_001.fastq,Lib_F,Lib_F
PO_201705A.2,ACATGT,GGWACWGGWTGAACWGTWTAYCCYCC,TANACYTCNGGRTGNCCRAARAAYCA,Tag_5,Lib_E,PO_201705A,Tag_5_Lib_E,313,4,Potlatch,PO_201705,May,lib5_S5_L001_R1_001.fastq,lib5_S5_L001_R2_001.fastq,Lib_E,Lib_E
PO_201705B.2,ACACAC,GGWACWGGWTGAACWGTWTAYCCYCC,TANACYTCNGGRTGNCCRAARAAYCA,Tag_1,Lib_E,PO_201705B,Tag_1_Lib_E,313,4,Potlatch,PO_201705,May,lib5_S5_L001_R1_001.fastq,lib5_S5_L001_R2_001.fastq,Lib_E,Lib_E
PO_201705C.2,ACGACG,GGWACWGGWTGAACWGTWTAYCCYCC,TANACYTCNGGRTGNCCRAARAAYCA,Tag_6,Lib_C,PO_201705C,Tag_6_Lib_C,313,4,Potlatch,PO_201705,May,lib3_S3_L001_R1_001.fastq,lib3_S3_L001_R2_001.fastq,Lib_C,Lib_C
TW_201705A.2,ATATCG,GGWACWGGWTGAACWGTWTAYCCYCC,TANACYTCNGGRTGNCCRAARAAYCA,Tag_7,Lib_B,TW_201705A,Tag_7_Lib_B,313,4,Twanoh,TW_201705,May,lib2_S2_L001_R1_001.fastq,lib2_S2_L001_R2_001.fastq,Lib_B,Lib_B
TW_201705B.2,ACGACG,GGWACWGGWTGAACWGTWTAYCCYCC,TANACYTCNGGRTGNCCRAARAAYCA,Tag_6,Lib_E,TW_201705B,Tag_6_Lib_E,313,4,Twanoh,TW_201705,May,lib5_S5_L001_R1_001.fastq,lib5_S5_L001_R2_001.fastq,Lib_E,Lib_E
TW_201705C.2,ACAGCA,GGWACWGGWTGAACWGTWTAYCCYCC,TANACYTCNGGRTGNCCRAARAAYCA,Tag_2,Lib_F,TW_201705C,Tag_2_Lib_F,313,4,Twanoh,TW_201705,May,lib6_S6_L001_R1_001.fastq,lib6_S6_L001_R2_001.fastq,Lib_F,Lib_F
Kangaroo.2,GCAGTG,GGWACWGGWTGAACWGTWTAYCCYCC,TANACYTCNGGRTGNCCRAARAAYCA,Tag_11,Lib_A,Kangaroo,Tag_11_Lib_A,313,4,NA,NA,NA,lib1_S1_L001_R1_001.fastq,lib1_S1_L001_R2_001.fastq,Lib_A,Lib_A
SA_201706A.2,TCGCAT,GGWACWGGWTGAACWGTWTAYCCYCC,TANACYTCNGGRTGNCCRAARAAYCA,Tag_9,Lib_C,SA_201706A,Tag_9_Lib_C,313,4,Salisbury,SA_201706,June,lib3_S3_L001_R1_001.fastq,lib3_S3_L001_R2_001.fastq,Lib_C,Lib_C
SA_201706B.2,GCAGTG,GGWACWGGWTGAACWGTWTAYCCYCC,TANACYTCNGGRTGNCCRAARAAYCA,Tag_11,Lib_B,SA_201706B,Tag_11_Lib_B,313,4,Salisbury,SA_201706,June,lib2_S2_L001_R1_001.fastq,lib2_S2_L001_R2_001.fastq,Lib_B,Lib_B
SA_201706C.2,TCGTCA,GGWACWGGWTGAACWGTWTAYCCYCC,TANACYTCNGGRTGNCCRAARAAYCA,Tag_14,Lib_E,SA_201706C,Tag_14_Lib_E,313,4,Salisbury,SA_201706,June,lib5_S5_L001_R1_001.fastq,lib5_S5_L001_R2_001.fastq,Lib_E,Lib_E
TW_201706B.3,CGACGC,GGWACWGGWTGAACWGTWTAYCCYCC,TANACYTCNGGRTGNCCRAARAAYCA,Tag_15,Lib_D,TW_201706B,Tag_15_Lib_D,313,4,Twanoh,TW_201706,June,lib4_S4_L001_R1_001.fastq,lib4_S4_L001_R2_001.fastq,Lib_D,Lib_D
TR_201706B.2,GCGAGT,GGWACWGGWTGAACWGTWTAYCCYCC,TANACYTCNGGRTGNCCRAARAAYCA,Tag_16,Lib_F,TR_201706B,Tag_16_Lib_F,313,4,Triton,TR_201706,June,lib6_S6_L001_R1_001.fastq,lib6_S6_L001_R2_001.fastq,Lib_F,Lib_F
TR_201706C.2,GTCTCT,GGWACWGGWTGAACWGTWTAYCCYCC,TANACYTCNGGRTGNCCRAARAAYCA,Tag_3,Lib_F,TR_201706C,Tag_3_Lib_F,313,4,Triton,TR_201706,June,lib6_S6_L001_R1_001.fastq,lib6_S6_L001_R2_001.fastq,Lib_F,Lib_F
TW_201706B.1,CTCGCA,GGWACWGGWTGAACWGTWTAYCCYCC,TANACYTCNGGRTGNCCRAARAAYCA,Tag_8,Lib_D,TW_201706B,Tag_8_Lib_D,313,4,Twanoh,TW_201706,June,lib4_S4_L001_R1_001.fastq,lib4_S4_L001_R2_001.fastq,Lib_D,Lib_D
LL_201706B.2,CGACGC,GGWACWGGWTGAACWGTWTAYCCYCC,TANACYTCNGGRTGNCCRAARAAYCA,Tag_15,Lib_C,LL_201706B,Tag_15_Lib_C,313,4,Lilliwaup,LL_201706,June,lib3_S3_L001_R1_001.fastq,lib3_S3_L001_R2_001.fastq,Lib_C,Lib_C
LL_201706C.2,GCGCTC,GGWACWGGWTGAACWGTWTAYCCYCC,TANACYTCNGGRTGNCCRAARAAYCA,Tag_4,Lib_B,LL_201706C,Tag_4_Lib_B,313,4,Lilliwaup,LL_201706,June,lib2_S2_L001_R1_001.fastq,lib2_S2_L001_R2_001.fastq,Lib_B,Lib_B
SA_201706A.3,GATGAC,GGWACWGGWTGAACWGTWTAYCCYCC,TANACYTCNGGRTGNCCRAARAAYCA,Tag_12,Lib_D,SA_201706A,Tag_12_Lib_D,313,4,Salisbury,SA_201706,June,lib4_S4_L001_R1_001.fastq,lib4_S4_L001_R2_001.fastq,Lib_D,Lib_D
PO_201706B.2,ACACAC,GGWACWGGWTGAACWGTWTAYCCYCC,TANACYTCNGGRTGNCCRAARAAYCA,Tag_1,Lib_F,PO_201706B,Tag_1_Lib_F,313,4,Potlatch,PO_201706,June,lib6_S6_L001_R1_001.fastq,lib6_S6_L001_R2_001.fastq,Lib_F,Lib_F
PO_201706C.2,TGTATG,GGWACWGGWTGAACWGTWTAYCCYCC,TANACYTCNGGRTGNCCRAARAAYCA,Tag_10,Lib_B,PO_201706C,Tag_10_Lib_B,313,4,Potlatch,PO_201706,June,lib2_S2_L001_R1_001.fastq,lib2_S2_L001_R2_001.fastq,Lib_B,Lib_B
TW_201706A.2,TGTATG,GGWACWGGWTGAACWGTWTAYCCYCC,TANACYTCNGGRTGNCCRAARAAYCA,Tag_10,Lib_C,TW_201706A,Tag_10_Lib_C,313,4,Twanoh,TW_201706,June,lib3_S3_L001_R1_001.fastq,lib3_S3_L001_R2_001.fastq,Lib_C,Lib_C
TW_201706B.2,GCGAGT,GGWACWGGWTGAACWGTWTAYCCYCC,TANACYTCNGGRTGNCCRAARAAYCA,Tag_16,Lib_B,TW_201706B,Tag_16_Lib_B,313,4,Twanoh,TW_201706,June,lib2_S2_L001_R1_001.fastq,lib2_S2_L001_R2_001.fastq,Lib_B,Lib_B
TW_201706C.2,CTCGCA,GGWACWGGWTGAACWGTWTAYCCYCC,TANACYTCNGGRTGNCCRAARAAYCA,Tag_8,Lib_C,TW_201706C,Tag_8_Lib_C,313,4,Twanoh,TW_201706,June,lib3_S3_L001_R1_001.fastq,lib3_S3_L001_R2_001.fastq,Lib_C,Lib_C
SA_201705A.3,GCGAGT,GGWACWGGWTGAACWGTWTAYCCYCC,TANACYTCNGGRTGNCCRAARAAYCA,Tag_16,Lib_C,SA_201705A,Tag_16_Lib_C,313,4,Salisbury,SA_201705,May,lib3_S3_L001_R1_001.fastq,lib3_S3_L001_R2_001.fastq,Lib_C,Lib_C
SA_201705B.3,CTCGCA,GGWACWGGWTGAACWGTWTAYCCYCC,TANACYTCNGGRTGNCCRAARAAYCA,Tag_8,Lib_F,SA_201705B,Tag_8_Lib_F,313,4,Salisbury,SA_201705,May,lib6_S6_L001_R1_001.fastq,lib6_S6_L001_R2_001.fastq,Lib_F,Lib_F
SA_201705C.3,GCGCTC,GGWACWGGWTGAACWGTWTAYCCYCC,TANACYTCNGGRTGNCCRAARAAYCA,Tag_4,Lib_E,SA_201705C,Tag_4_Lib_E,313,4,Salisbury,SA_201705,May,lib5_S5_L001_R1_001.fastq,lib5_S5_L001_R2_001.fastq,Lib_E,Lib_E
TR_201705A.3,ATCAGT,GGWACWGGWTGAACWGTWTAYCCYCC,TANACYTCNGGRTGNCCRAARAAYCA,Tag_13,Lib_E,TR_201705A,Tag_13_Lib_E,313,4,Triton,TR_201705,May,lib5_S5_L001_R1_001.fastq,lib5_S5_L001_R2_001.fastq,Lib_E,Lib_E
TR_201705B.3,GTCTCT,GGWACWGGWTGAACWGTWTAYCCYCC,TANACYTCNGGRTGNCCRAARAAYCA,Tag_3,Lib_B,TR_201705B,Tag_3_Lib_B,313,4,Triton,TR_201705,May,lib2_S2_L001_R1_001.fastq,lib2_S2_L001_R2_001.fastq,Lib_B,Lib_B
TR_201705C.3,TCGTCA,GGWACWGGWTGAACWGTWTAYCCYCC,TANACYTCNGGRTGNCCRAARAAYCA,Tag_14,Lib_F,TR_201705C,Tag_14_Lib_F,313,4,Triton,TR_201705,May,lib6_S6_L001_R1_001.fastq,lib6_S6_L001_R2_001.fastq,Lib_F,Lib_F
LL_201705A.3,GATGAC,GGWACWGGWTGAACWGTWTAYCCYCC,TANACYTCNGGRTGNCCRAARAAYCA,Tag_12,Lib_A,LL_201705A,Tag_12_Lib_A,313,4,Lilliwaup,LL_201705,May,lib1_S1_L001_R1_001.fastq,lib1_S1_L001_R2_001.fastq,Lib_A,Lib_A
LL_201705B.3,TCGTCA,GGWACWGGWTGAACWGTWTAYCCYCC,TANACYTCNGGRTGNCCRAARAAYCA,Tag_14,Lib_A,LL_201705B,Tag_14_Lib_A,313,4,Lilliwaup,LL_201705,May,lib1_S1_L001_R1_001.fastq,lib1_S1_L001_R2_001.fastq,Lib_A,Lib_A
LL_201705C.3,GTCTCT,GGWACWGGWTGAACWGTWTAYCCYCC,TANACYTCNGGRTGNCCRAARAAYCA,Tag_3,Lib_E,LL_201705C,Tag_3_Lib_E,313,4,Lilliwaup,LL_201705,May,lib5_S5_L001_R1_001.fastq,lib5_S5_L001_R2_001.fastq,Lib_E,Lib_E
PO_201705A.3,TCGCAT,GGWACWGGWTGAACWGTWTAYCCYCC,TANACYTCNGGRTGNCCRAARAAYCA,Tag_9,Lib_E,PO_201705A,Tag_9_Lib_E,313,4,Potlatch,PO_201705,May,lib5_S5_L001_R1_001.fastq,lib5_S5_L001_R2_001.fastq,Lib_E,Lib_E
PO_201705B.3,GCGCTC,GGWACWGGWTGAACWGTWTAYCCYCC,TANACYTCNGGRTGNCCRAARAAYCA,Tag_4,Lib_C,PO_201705B,Tag_4_Lib_C,313,4,Potlatch,PO_201705,May,lib3_S3_L001_R1_001.fastq,lib3_S3_L001_R2_001.fastq,Lib_C,Lib_C
PO_201705C.3,ATATCG,GGWACWGGWTGAACWGTWTAYCCYCC,TANACYTCNGGRTGNCCRAARAAYCA,Tag_7,Lib_F,PO_201705C,Tag_7_Lib_F,313,4,Potlatch,PO_201705,May,lib6_S6_L001_R1_001.fastq,lib6_S6_L001_R2_001.fastq,Lib_F,Lib_F
TW_201705A.3,GCAGTG,GGWACWGGWTGAACWGTWTAYCCYCC,TANACYTCNGGRTGNCCRAARAAYCA,Tag_11,Lib_C,TW_201705A,Tag_11_Lib_C,313,4,Twanoh,TW_201705,May,lib3_S3_L001_R1_001.fastq,lib3_S3_L001_R2_001.fastq,Lib_C,Lib_C
TW_201705B.3,ACACAC,GGWACWGGWTGAACWGTWTAYCCYCC,TANACYTCNGGRTGNCCRAARAAYCA,Tag_1,Lib_C,TW_201705B,Tag_1_Lib_C,313,4,Twanoh,TW_201705,May,lib3_S3_L001_R1_001.fastq,lib3_S3_L001_R2_001.fastq,Lib_C,Lib_C
TW_201705C.3,GATGAC,GGWACWGGWTGAACWGTWTAYCCYCC,TANACYTCNGGRTGNCCRAARAAYCA,Tag_12,Lib_F,TW_201705C,Tag_12_Lib_F,313,4,Twanoh,TW_201705,May,lib6_S6_L001_R1_001.fastq,lib6_S6_L001_R2_001.fastq,Lib_F,Lib_F
Kangaroo.3,ACATGT,GGWACWGGWTGAACWGTWTAYCCYCC,TANACYTCNGGRTGNCCRAARAAYCA,Tag_5,Lib_F,Kangaroo,Tag_5_Lib_F,313,4,NA,NA,NA,lib6_S6_L001_R1_001.fastq,lib6_S6_L001_R2_001.fastq,Lib_F,Lib_F
LL_201705A.1,GCAGTG,GGWACWGGWTGAACWGTWTAYCCYCC,TANACYTCNGGRTGNCCRAARAAYCA,Tag_11,Lib_D,LL_201705A,Tag_11_Lib_D,313,4,Lilliwaup,LL_201705,May,lib4_S4_L001_R1_001.fastq,lib4_S4_L001_R2_001.fastq,Lib_D,Lib_D
SA_201706B.3,ACGACG,GGWACWGGWTGAACWGTWTAYCCYCC,TANACYTCNGGRTGNCCRAARAAYCA,Tag_6,Lib_A,SA_201706B,Tag_6_Lib_A,313,4,Salisbury,SA_201706,June,lib1_S1_L001_R1_001.fastq,lib1_S1_L001_R2_001.fastq,Lib_A,Lib_A
SA_201706C.3,ACGACG,GGWACWGGWTGAACWGTWTAYCCYCC,TANACYTCNGGRTGNCCRAARAAYCA,Tag_6,Lib_F,SA_201706C,Tag_6_Lib_F,313,4,Salisbury,SA_201706,June,lib6_S6_L001_R1_001.fastq,lib6_S6_L001_R2_001.fastq,Lib_F,Lib_F
TR_201706A.3,ATCAGT,GGWACWGGWTGAACWGTWTAYCCYCC,TANACYTCNGGRTGNCCRAARAAYCA,Tag_13,Lib_B,TR_201706A,Tag_13_Lib_B,313,4,Triton,TR_201706,June,lib2_S2_L001_R1_001.fastq,lib2_S2_L001_R2_001.fastq,Lib_B,Lib_B
TR_201706B.3,ACAGCA,GGWACWGGWTGAACWGTWTAYCCYCC,TANACYTCNGGRTGNCCRAARAAYCA,Tag_2,Lib_E,TR_201706B,Tag_2_Lib_E,313,4,Triton,TR_201706,June,lib5_S5_L001_R1_001.fastq,lib5_S5_L001_R2_001.fastq,Lib_E,Lib_E
PO_201706A.2,GCGAGT,GGWACWGGWTGAACWGTWTAYCCYCC,TANACYTCNGGRTGNCCRAARAAYCA,Tag_16,Lib_D,PO_201706A,Tag_16_Lib_D,313,4,Potlatch,PO_201706,June,lib4_S4_L001_R1_001.fastq,lib4_S4_L001_R2_001.fastq,Lib_D,Lib_D
LL_201706A.3,CGACGC,GGWACWGGWTGAACWGTWTAYCCYCC,TANACYTCNGGRTGNCCRAARAAYCA,Tag_15,Lib_A,LL_201706A,Tag_15_Lib_A,313,4,Lilliwaup,LL_201706,June,lib1_S1_L001_R1_001.fastq,lib1_S1_L001_R2_001.fastq,Lib_A,Lib_A
LL_201706B.3,ACAGCA,GGWACWGGWTGAACWGTWTAYCCYCC,TANACYTCNGGRTGNCCRAARAAYCA,Tag_2,Lib_A,LL_201706B,Tag_2_Lib_A,313,4,Lilliwaup,LL_201706,June,lib1_S1_L001_R1_001.fastq,lib1_S1_L001_R2_001.fastq,Lib_A,Lib_A
TR_201706C.3,GCGCTC,GGWACWGGWTGAACWGTWTAYCCYCC,TANACYTCNGGRTGNCCRAARAAYCA,Tag_4,Lib_D,TR_201706C,Tag_4_Lib_D,313,4,Triton,TR_201706,June,lib4_S4_L001_R1_001.fastq,lib4_S4_L001_R2_001.fastq,Lib_D,Lib_D
TR_201705A.2,GTCTCT,GGWACWGGWTGAACWGTWTAYCCYCC,TANACYTCNGGRTGNCCRAARAAYCA,Tag_3,Lib_D,TR_201705A,Tag_3_Lib_D,313,4,Triton,TR_201705,May,lib4_S4_L001_R1_001.fastq,lib4_S4_L001_R2_001.fastq,Lib_D,Lib_D
PO_201706B.3,ACACAC,GGWACWGGWTGAACWGTWTAYCCYCC,TANACYTCNGGRTGNCCRAARAAYCA,Tag_1,Lib_A,PO_201706B,Tag_1_Lib_A,313,4,Potlatch,PO_201706,June,lib1_S1_L001_R1_001.fastq,lib1_S1_L001_R2_001.fastq,Lib_A,Lib_A
PO_201706C.3,CGACGC,GGWACWGGWTGAACWGTWTAYCCYCC,TANACYTCNGGRTGNCCRAARAAYCA,Tag_15,Lib_F,PO_201706C,Tag_15_Lib_F,313,4,Potlatch,PO_201706,June,lib6_S6_L001_R1_001.fastq,lib6_S6_L001_R2_001.fastq,Lib_F,Lib_F
PO_201706B.1,TCGTCA,GGWACWGGWTGAACWGTWTAYCCYCC,TANACYTCNGGRTGNCCRAARAAYCA,Tag_14,Lib_D,PO_201706B,Tag_14_Lib_D,313,4,Potlatch,PO_201706,June,lib4_S4_L001_R1_001.fastq,lib4_S4_L001_R2_001.fastq,Lib_D,Lib_D
LL_201706A.2,TGTATG,GGWACWGGWTGAACWGTWTAYCCYCC,TANACYTCNGGRTGNCCRAARAAYCA,Tag_10,Lib_D,LL_201706A,Tag_10_Lib_D,313,4,Lilliwaup,LL_201706,June,lib4_S4_L001_R1_001.fastq,lib4_S4_L001_R2_001.fastq,Lib_D,Lib_D
TW_201706C.3,GCAGTG,GGWACWGGWTGAACWGTWTAYCCYCC,TANACYTCNGGRTGNCCRAARAAYCA,Tag_11,Lib_E,TW_201706C,Tag_11_Lib_E,313,4,Twanoh,TW_201706,June,lib5_S5_L001_R1_001.fastq,lib5_S5_L001_R2_001.fastq,Lib_E,Lib_E