sample_id,Well_in_AMPureXP,Tag,pri_index_name,Combo,dna_id,Area,Site,Month,locus,sec_index_seq,primerF_seq,primerR_seq,insert_size,sec_index_start,file1,file2,pri_index_seq
CP_201709A.1,A1,Tag_11,Lib_A,Tag_11.Lib_A,CP_201709A,San Juan Islands,Cattle Point,September,COI,GCAGTG,GGWACWGGWTGAACWGTWTAYCCYCC,TANACYTCNGGRTGNCCRAARAAYCA,500,4,Lib-A-SJI_S1_L001_R1_001.fastq,Lib-A-SJI_S1_L001_R2_001.fastq,CGATGT
CP_201709B.1,B1,Tag_13,Lib_E,Tag_13.Lib_E,CP_201709B,San Juan Islands,Cattle Point,September,COI,ATCAGT,GGWACWGGWTGAACWGTWTAYCCYCC,TANACYTCNGGRTGNCCRAARAAYCA,500,4,Lib-E-SJI_S5_L001_R1_001.fastq,Lib-E-SJI_S5_L001_R2_001.fastq,CAGATC
CP_201709C.1,C1,Tag_1,Lib_D,Tag_1.Lib_D,CP_201709C,San Juan Islands,Cattle Point,September,COI,ACACAC,GGWACWGGWTGAACWGTWTAYCCYCC,TANACYTCNGGRTGNCCRAARAAYCA,500,4,Lib-D-SJI_S4_L001_R1_001.fastq,Lib-D-SJI_S4_L001_R2_001.fastq,GCCAAT
LK_201709A.1,D1,Tag_12,Lib_D,Tag_12.Lib_D,LK_201709A,San Juan Islands,Lime Kiln,September,COI,GATGAC,GGWACWGGWTGAACWGTWTAYCCYCC,TANACYTCNGGRTGNCCRAARAAYCA,500,4,Lib-D-SJI_S4_L001_R1_001.fastq,Lib-D-SJI_S4_L001_R2_001.fastq,GCCAAT
LK_201709B.1,E1,Tag_8,Lib_B,Tag_8.Lib_B,LK_201709B,San Juan Islands,Lime Kiln,September,COI,CTCGCA,GGWACWGGWTGAACWGTWTAYCCYCC,TANACYTCNGGRTGNCCRAARAAYCA,500,4,Lib-B-SJI_S2_L001_R1_001.fastq,Lib-B-SJI_S2_L001_R2_001.fastq,TGACCA
LK_201709C.1,F1,Tag_9,Lib_B,Tag_9.Lib_B,LK_201709C,San Juan Islands,Lime Kiln,September,COI,TCGCAT,GGWACWGGWTGAACWGTWTAYCCYCC,TANACYTCNGGRTGNCCRAARAAYCA,500,4,Lib-B-SJI_S2_L001_R1_001.fastq,Lib-B-SJI_S2_L001_R2_001.fastq,TGACCA
FH_201709A.1,G1,Tag_6,Lib_F,Tag_6.Lib_F,FH_201709A,San Juan Islands,Friday Harbor,September,COI,ACGACG,GGWACWGGWTGAACWGTWTAYCCYCC,TANACYTCNGGRTGNCCRAARAAYCA,500,4,Lib-F-SJI_S6_L001_R1_001.fastq,Lib-F-SJI_S6_L001_R2_001.fastq,CTTGTA
FH_201709B.1,H1,Tag_6,Lib_D,Tag_6.Lib_D,FH_201709B,San Juan Islands,Friday Harbor,September,COI,ACGACG,GGWACWGGWTGAACWGTWTAYCCYCC,TANACYTCNGGRTGNCCRAARAAYCA,500,4,Lib-D-SJI_S4_L001_R1_001.fastq,Lib-D-SJI_S4_L001_R2_001.fastq,GCCAAT
FH_201709C.1,A2,Tag_7,Lib_A,Tag_7.Lib_A,FH_201709C,San Juan Islands,Friday Harbor,September,COI,ATATCG,GGWACWGGWTGAACWGTWTAYCCYCC,TANACYTCNGGRTGNCCRAARAAYCA,500,4,Lib-A-SJI_S1_L001_R1_001.fastq,Lib-A-SJI_S1_L001_R2_001.fastq,CGATGT
CP_201710A.1,B2,Tag_7,Lib_E,Tag_7.Lib_E,CP_201710A,San Juan Islands,Cattle Point,October,COI,ATATCG,GGWACWGGWTGAACWGTWTAYCCYCC,TANACYTCNGGRTGNCCRAARAAYCA,500,4,Lib-E-SJI_S5_L001_R1_001.fastq,Lib-E-SJI_S5_L001_R2_001.fastq,CAGATC
CP_201710B.1,C2,Tag_12,Lib_C,Tag_12.Lib_C,CP_201710B,San Juan Islands,Cattle Point,October,COI,GATGAC,GGWACWGGWTGAACWGTWTAYCCYCC,TANACYTCNGGRTGNCCRAARAAYCA,500,4,Lib-C-SJI_S3_L001_R1_001.fastq,Lib-C-SJI_S3_L001_R2_001.fastq,ACAGTG
CP_201710C.1,D2,Tag_14,Lib_C,Tag_14.Lib_C,CP_201710C,San Juan Islands,Cattle Point,October,COI,TCGTCA,GGWACWGGWTGAACWGTWTAYCCYCC,TANACYTCNGGRTGNCCRAARAAYCA,500,4,Lib-C-SJI_S3_L001_R1_001.fastq,Lib-C-SJI_S3_L001_R2_001.fastq,ACAGTG
LK_201710A.1,E2,Tag_9,Lib_F,Tag_9.Lib_F,LK_201710A,San Juan Islands,Lime Kiln,October,COI,TCGCAT,GGWACWGGWTGAACWGTWTAYCCYCC,TANACYTCNGGRTGNCCRAARAAYCA,500,4,Lib-F-SJI_S6_L001_R1_001.fastq,Lib-F-SJI_S6_L001_R2_001.fastq,CTTGTA
LK_201710B.1,F2,Tag_2,Lib_F,Tag_2.Lib_F,LK_201710B,San Juan Islands,Lime Kiln,October,COI,ACAGCA,GGWACWGGWTGAACWGTWTAYCCYCC,TANACYTCNGGRTGNCCRAARAAYCA,500,4,Lib-F-SJI_S6_L001_R1_001.fastq,Lib-F-SJI_S6_L001_R2_001.fastq,CTTGTA
LK_201710C.1,G2,Tag_14,Lib_F,Tag_14.Lib_F,LK_201710C,San Juan Islands,Lime Kiln,October,COI,TCGTCA,GGWACWGGWTGAACWGTWTAYCCYCC,TANACYTCNGGRTGNCCRAARAAYCA,500,4,Lib-F-SJI_S6_L001_R1_001.fastq,Lib-F-SJI_S6_L001_R2_001.fastq,CTTGTA
FH_201710A.1,H2,Tag_1,Lib_C,Tag_1.Lib_C,FH_201710A,San Juan Islands,Friday Harbor,October,COI,ACACAC,GGWACWGGWTGAACWGTWTAYCCYCC,TANACYTCNGGRTGNCCRAARAAYCA,500,4,Lib-C-SJI_S3_L001_R1_001.fastq,Lib-C-SJI_S3_L001_R2_001.fastq,ACAGTG
FH_201710B.1,A3,Tag_5,Lib_E,Tag_5.Lib_E,FH_201710B,San Juan Islands,Friday Harbor,October,COI,ACATGT,GGWACWGGWTGAACWGTWTAYCCYCC,TANACYTCNGGRTGNCCRAARAAYCA,500,4,Lib-E-SJI_S5_L001_R1_001.fastq,Lib-E-SJI_S5_L001_R2_001.fastq,CAGATC
FH_201710C.1,B3,Tag_7,Lib_F,Tag_7.Lib_F,FH_201710C,San Juan Islands,Friday Harbor,October,COI,ATATCG,GGWACWGGWTGAACWGTWTAYCCYCC,TANACYTCNGGRTGNCCRAARAAYCA,500,4,Lib-F-SJI_S6_L001_R1_001.fastq,Lib-F-SJI_S6_L001_R2_001.fastq,CTTGTA
CP_201711A.1,C3,Tag_2,Lib_B,Tag_2.Lib_B,CP_201711A,San Juan Islands,Cattle Point,November,COI,ACAGCA,GGWACWGGWTGAACWGTWTAYCCYCC,TANACYTCNGGRTGNCCRAARAAYCA,500,4,Lib-B-SJI_S2_L001_R1_001.fastq,Lib-B-SJI_S2_L001_R2_001.fastq,TGACCA
CP_201711B.1,D3,Tag_10,Lib_B,Tag_10.Lib_B,CP_201711B,San Juan Islands,Cattle Point,November,COI,TGTATG,GGWACWGGWTGAACWGTWTAYCCYCC,TANACYTCNGGRTGNCCRAARAAYCA,500,4,Lib-B-SJI_S2_L001_R1_001.fastq,Lib-B-SJI_S2_L001_R2_001.fastq,TGACCA
CP_201711C.1,E3,Tag_3,Lib_A,Tag_3.Lib_A,CP_201711C,San Juan Islands,Cattle Point,November,COI,GTCTCT,GGWACWGGWTGAACWGTWTAYCCYCC,TANACYTCNGGRTGNCCRAARAAYCA,500,4,Lib-A-SJI_S1_L001_R1_001.fastq,Lib-A-SJI_S1_L001_R2_001.fastq,CGATGT
LK_201711A.1,F3,Tag_10,Lib_D,Tag_10.Lib_D,LK_201711A,San Juan Islands,Lime Kiln,November,COI,TGTATG,GGWACWGGWTGAACWGTWTAYCCYCC,TANACYTCNGGRTGNCCRAARAAYCA,500,4,Lib-D-SJI_S4_L001_R1_001.fastq,Lib-D-SJI_S4_L001_R2_001.fastq,GCCAAT
LK_201711B.1,G3,Tag_13,Lib_A,Tag_13.Lib_A,LK_201711B,San Juan Islands,Lime Kiln,November,COI,ATCAGT,GGWACWGGWTGAACWGTWTAYCCYCC,TANACYTCNGGRTGNCCRAARAAYCA,500,4,Lib-A-SJI_S1_L001_R1_001.fastq,Lib-A-SJI_S1_L001_R2_001.fastq,CGATGT
LK_201711C.1,H3,Tag_1,Lib_E,Tag_1.Lib_E,LK_201711C,San Juan Islands,Lime Kiln,November,COI,ACACAC,GGWACWGGWTGAACWGTWTAYCCYCC,TANACYTCNGGRTGNCCRAARAAYCA,500,4,Lib-E-SJI_S5_L001_R1_001.fastq,Lib-E-SJI_S5_L001_R2_001.fastq,CAGATC
FH_201711B.1,A4,Tag_3,Lib_B,Tag_3.Lib_B,FH_201711B,San Juan Islands,Friday Harbor,November,COI,GTCTCT,GGWACWGGWTGAACWGTWTAYCCYCC,TANACYTCNGGRTGNCCRAARAAYCA,500,4,Lib-B-SJI_S2_L001_R1_001.fastq,Lib-B-SJI_S2_L001_R2_001.fastq,TGACCA
FH_201711C.1,B4,Tag_9,Lib_E,Tag_9.Lib_E,FH_201711C,San Juan Islands,Friday Harbor,November,COI,TCGCAT,GGWACWGGWTGAACWGTWTAYCCYCC,TANACYTCNGGRTGNCCRAARAAYCA,500,4,Lib-E-SJI_S5_L001_R1_001.fastq,Lib-E-SJI_S5_L001_R2_001.fastq,CAGATC
FH_201711A.1,C4,Tag_14,Lib_B,Tag_14.Lib_B,FH_201711A,San Juan Islands,Friday Harbor,November,COI,TCGTCA,GGWACWGGWTGAACWGTWTAYCCYCC,TANACYTCNGGRTGNCCRAARAAYCA,500,4,Lib-B-SJI_S2_L001_R1_001.fastq,Lib-B-SJI_S2_L001_R2_001.fastq,TGACCA
Kangaroo.1,D4,Tag_3,Lib_C,Tag_3.Lib_C,Kangaroo,Positive control,,.,COI,GTCTCT,GGWACWGGWTGAACWGTWTAYCCYCC,TANACYTCNGGRTGNCCRAARAAYCA,500,4,Lib-C-SJI_S3_L001_R1_001.fastq,Lib-C-SJI_S3_L001_R2_001.fastq,ACAGTG
CP_201709A.2,E4,Tag_6,Lib_E,Tag_6.Lib_E,CP_201709A,San Juan Islands,Cattle Point,September,COI,ACGACG,GGWACWGGWTGAACWGTWTAYCCYCC,TANACYTCNGGRTGNCCRAARAAYCA,500,4,Lib-E-SJI_S5_L001_R1_001.fastq,Lib-E-SJI_S5_L001_R2_001.fastq,CAGATC
CP_201709B.2,F4,Tag_4,Lib_C,Tag_4.Lib_C,CP_201709B,San Juan Islands,Cattle Point,September,COI,GCGCTC,GGWACWGGWTGAACWGTWTAYCCYCC,TANACYTCNGGRTGNCCRAARAAYCA,500,4,Lib-C-SJI_S3_L001_R1_001.fastq,Lib-C-SJI_S3_L001_R2_001.fastq,ACAGTG
CP_201709C.2,G4,Tag_8,Lib_C,Tag_8.Lib_C,CP_201709C,San Juan Islands,Cattle Point,September,COI,CTCGCA,GGWACWGGWTGAACWGTWTAYCCYCC,TANACYTCNGGRTGNCCRAARAAYCA,500,4,Lib-C-SJI_S3_L001_R1_001.fastq,Lib-C-SJI_S3_L001_R2_001.fastq,ACAGTG
LK_201709A.2,H4,Tag_10,Lib_C,Tag_10.Lib_C,LK_201709A,San Juan Islands,Lime Kiln,September,COI,TGTATG,GGWACWGGWTGAACWGTWTAYCCYCC,TANACYTCNGGRTGNCCRAARAAYCA,500,4,Lib-C-SJI_S3_L001_R1_001.fastq,Lib-C-SJI_S3_L001_R2_001.fastq,ACAGTG
LK_201709B.2,A5,Tag_11,Lib_C,Tag_11.Lib_C,LK_201709B,San Juan Islands,Lime Kiln,September,COI,GCAGTG,GGWACWGGWTGAACWGTWTAYCCYCC,TANACYTCNGGRTGNCCRAARAAYCA,500,4,Lib-C-SJI_S3_L001_R1_001.fastq,Lib-C-SJI_S3_L001_R2_001.fastq,ACAGTG
LK_201709C.2,B5,Tag_1,Lib_A,Tag_1.Lib_A,LK_201709C,San Juan Islands,Lime Kiln,September,COI,ACACAC,GGWACWGGWTGAACWGTWTAYCCYCC,TANACYTCNGGRTGNCCRAARAAYCA,500,4,Lib-A-SJI_S1_L001_R1_001.fastq,Lib-A-SJI_S1_L001_R2_001.fastq,CGATGT
FH_201709A.2,C5,Tag_2,Lib_D,Tag_2.Lib_D,FH_201709A,San Juan Islands,Friday Harbor,September,COI,ACAGCA,GGWACWGGWTGAACWGTWTAYCCYCC,TANACYTCNGGRTGNCCRAARAAYCA,500,4,Lib-D-SJI_S4_L001_R1_001.fastq,Lib-D-SJI_S4_L001_R2_001.fastq,GCCAAT
FH_201709B.2,D5,Tag_12,Lib_E,Tag_12.Lib_E,FH_201709B,San Juan Islands,Friday Harbor,September,COI,GATGAC,GGWACWGGWTGAACWGTWTAYCCYCC,TANACYTCNGGRTGNCCRAARAAYCA,500,4,Lib-E-SJI_S5_L001_R1_001.fastq,Lib-E-SJI_S5_L001_R2_001.fastq,CAGATC
FH_201709C.2,E5,Tag_13,Lib_B,Tag_13.Lib_B,FH_201709C,San Juan Islands,Friday Harbor,September,COI,ATCAGT,GGWACWGGWTGAACWGTWTAYCCYCC,TANACYTCNGGRTGNCCRAARAAYCA,500,4,Lib-B-SJI_S2_L001_R1_001.fastq,Lib-B-SJI_S2_L001_R2_001.fastq,TGACCA
CP_201710A.2,F5,Tag_11,Lib_F,Tag_11.Lib_F,CP_201710A,San Juan Islands,Cattle Point,October,COI,GCAGTG,GGWACWGGWTGAACWGTWTAYCCYCC,TANACYTCNGGRTGNCCRAARAAYCA,500,4,Lib-F-SJI_S6_L001_R1_001.fastq,Lib-F-SJI_S6_L001_R2_001.fastq,CTTGTA
CP_201710B.2,G5,Tag_6,Lib_C,Tag_6.Lib_C,CP_201710B,San Juan Islands,Cattle Point,October,COI,ACGACG,GGWACWGGWTGAACWGTWTAYCCYCC,TANACYTCNGGRTGNCCRAARAAYCA,500,4,Lib-C-SJI_S3_L001_R1_001.fastq,Lib-C-SJI_S3_L001_R2_001.fastq,ACAGTG
CP_201710C.2,H5,Tag_3,Lib_F,Tag_3.Lib_F,CP_201710C,San Juan Islands,Cattle Point,October,COI,GTCTCT,GGWACWGGWTGAACWGTWTAYCCYCC,TANACYTCNGGRTGNCCRAARAAYCA,500,4,Lib-F-SJI_S6_L001_R1_001.fastq,Lib-F-SJI_S6_L001_R2_001.fastq,CTTGTA
LK_201710A.2,A6,Tag_11,Lib_D,Tag_11.Lib_D,LK_201710A,San Juan Islands,Lime Kiln,October,COI,GCAGTG,GGWACWGGWTGAACWGTWTAYCCYCC,TANACYTCNGGRTGNCCRAARAAYCA,500,4,Lib-D-SJI_S4_L001_R1_001.fastq,Lib-D-SJI_S4_L001_R2_001.fastq,GCCAAT
LK_201710B.2,B6,Tag_12,Lib_B,Tag_12.Lib_B,LK_201710B,San Juan Islands,Lime Kiln,October,COI,GATGAC,GGWACWGGWTGAACWGTWTAYCCYCC,TANACYTCNGGRTGNCCRAARAAYCA,500,4,Lib-B-SJI_S2_L001_R1_001.fastq,Lib-B-SJI_S2_L001_R2_001.fastq,TGACCA
LK_201710C.2,C6,Tag_12,Lib_F,Tag_12.Lib_F,LK_201710C,San Juan Islands,Lime Kiln,October,COI,GATGAC,GGWACWGGWTGAACWGTWTAYCCYCC,TANACYTCNGGRTGNCCRAARAAYCA,500,4,Lib-F-SJI_S6_L001_R1_001.fastq,Lib-F-SJI_S6_L001_R2_001.fastq,CTTGTA
FH_201710A.2,D6,Tag_10,Lib_A,Tag_10.Lib_A,FH_201710A,San Juan Islands,Friday Harbor,October,COI,TGTATG,GGWACWGGWTGAACWGTWTAYCCYCC,TANACYTCNGGRTGNCCRAARAAYCA,500,4,Lib-A-SJI_S1_L001_R1_001.fastq,Lib-A-SJI_S1_L001_R2_001.fastq,CGATGT
FH_201710B.2,E6,Tag_10,Lib_E,Tag_10.Lib_E,FH_201710B,San Juan Islands,Friday Harbor,October,COI,TGTATG,GGWACWGGWTGAACWGTWTAYCCYCC,TANACYTCNGGRTGNCCRAARAAYCA,500,4,Lib-E-SJI_S5_L001_R1_001.fastq,Lib-E-SJI_S5_L001_R2_001.fastq,CAGATC
FH_201710C.2,F6,Tag_8,Lib_F,Tag_8.Lib_F,FH_201710C,San Juan Islands,Friday Harbor,October,COI,CTCGCA,GGWACWGGWTGAACWGTWTAYCCYCC,TANACYTCNGGRTGNCCRAARAAYCA,500,4,Lib-F-SJI_S6_L001_R1_001.fastq,Lib-F-SJI_S6_L001_R2_001.fastq,CTTGTA
CP_201711A.2,G6,Tag_2,Lib_C,Tag_2.Lib_C,CP_201711A,San Juan Islands,Cattle Point,November,COI,ACAGCA,GGWACWGGWTGAACWGTWTAYCCYCC,TANACYTCNGGRTGNCCRAARAAYCA,500,4,Lib-C-SJI_S3_L001_R1_001.fastq,Lib-C-SJI_S3_L001_R2_001.fastq,ACAGTG
CP_201711B.2,H6,Tag_8,Lib_D,Tag_8.Lib_D,CP_201711B,San Juan Islands,Cattle Point,November,COI,CTCGCA,GGWACWGGWTGAACWGTWTAYCCYCC,TANACYTCNGGRTGNCCRAARAAYCA,500,4,Lib-D-SJI_S4_L001_R1_001.fastq,Lib-D-SJI_S4_L001_R2_001.fastq,GCCAAT
CP_201711C.2,A7,Tag_4,Lib_F,Tag_4.Lib_F,CP_201711C,San Juan Islands,Cattle Point,November,COI,GCGCTC,GGWACWGGWTGAACWGTWTAYCCYCC,TANACYTCNGGRTGNCCRAARAAYCA,500,4,Lib-F-SJI_S6_L001_R1_001.fastq,Lib-F-SJI_S6_L001_R2_001.fastq,CTTGTA
LK_201711A.2,B7,Tag_13,Lib_D,Tag_13.Lib_D,LK_201711A,San Juan Islands,Lime Kiln,November,COI,ATCAGT,GGWACWGGWTGAACWGTWTAYCCYCC,TANACYTCNGGRTGNCCRAARAAYCA,500,4,Lib-D-SJI_S4_L001_R1_001.fastq,Lib-D-SJI_S4_L001_R2_001.fastq,GCCAAT
LK_201711B.2,C7,Tag_9,Lib_C,Tag_9.Lib_C,LK_201711B,San Juan Islands,Lime Kiln,November,COI,TCGCAT,GGWACWGGWTGAACWGTWTAYCCYCC,TANACYTCNGGRTGNCCRAARAAYCA,500,4,Lib-C-SJI_S3_L001_R1_001.fastq,Lib-C-SJI_S3_L001_R2_001.fastq,ACAGTG
LK_201711C.2,D7,Tag_3,Lib_E,Tag_3.Lib_E,LK_201711C,San Juan Islands,Lime Kiln,November,COI,GTCTCT,GGWACWGGWTGAACWGTWTAYCCYCC,TANACYTCNGGRTGNCCRAARAAYCA,500,4,Lib-E-SJI_S5_L001_R1_001.fastq,Lib-E-SJI_S5_L001_R2_001.fastq,CAGATC
FH_201711B.2,E7,Tag_13,Lib_F,Tag_13.Lib_F,FH_201711B,San Juan Islands,Friday Harbor,November,COI,ATCAGT,GGWACWGGWTGAACWGTWTAYCCYCC,TANACYTCNGGRTGNCCRAARAAYCA,500,4,Lib-F-SJI_S6_L001_R1_001.fastq,Lib-F-SJI_S6_L001_R2_001.fastq,CTTGTA
FH_201711C.2,F7,Tag_5,Lib_A,Tag_5.Lib_A,FH_201711C,San Juan Islands,Friday Harbor,November,COI,ACATGT,GGWACWGGWTGAACWGTWTAYCCYCC,TANACYTCNGGRTGNCCRAARAAYCA,500,4,Lib-A-SJI_S1_L001_R1_001.fastq,Lib-A-SJI_S1_L001_R2_001.fastq,CGATGT
FH_201711A.2,G7,Tag_4,Lib_D,Tag_4.Lib_D,FH_201711A,San Juan Islands,Friday Harbor,November,COI,GCGCTC,GGWACWGGWTGAACWGTWTAYCCYCC,TANACYTCNGGRTGNCCRAARAAYCA,500,4,Lib-D-SJI_S4_L001_R1_001.fastq,Lib-D-SJI_S4_L001_R2_001.fastq,GCCAAT
Kangaroo.2,H7,Tag_3,Lib_D,Tag_3.Lib_D,Kangaroo,Positive control,,.,COI,GTCTCT,GGWACWGGWTGAACWGTWTAYCCYCC,TANACYTCNGGRTGNCCRAARAAYCA,500,4,Lib-D-SJI_S4_L001_R1_001.fastq,Lib-D-SJI_S4_L001_R2_001.fastq,GCCAAT
CP_201709A.3,A8,Tag_7,Lib_D,Tag_7.Lib_D,CP_201709A,San Juan Islands,Cattle Point,September,COI,ATATCG,GGWACWGGWTGAACWGTWTAYCCYCC,TANACYTCNGGRTGNCCRAARAAYCA,500,4,Lib-D-SJI_S4_L001_R1_001.fastq,Lib-D-SJI_S4_L001_R2_001.fastq,GCCAAT
CP_201709B.3,B8,Tag_9,Lib_D,Tag_9.Lib_D,CP_201709B,San Juan Islands,Cattle Point,September,COI,TCGCAT,GGWACWGGWTGAACWGTWTAYCCYCC,TANACYTCNGGRTGNCCRAARAAYCA,500,4,Lib-D-SJI_S4_L001_R1_001.fastq,Lib-D-SJI_S4_L001_R2_001.fastq,GCCAAT
CP_201709C.3,C8,Tag_6,Lib_B,Tag_6.Lib_B,CP_201709C,San Juan Islands,Cattle Point,September,COI,ACGACG,GGWACWGGWTGAACWGTWTAYCCYCC,TANACYTCNGGRTGNCCRAARAAYCA,500,4,Lib-B-SJI_S2_L001_R1_001.fastq,Lib-B-SJI_S2_L001_R2_001.fastq,TGACCA
LK_201709A.3,D8,Tag_13,Lib_C,Tag_13.Lib_C,LK_201709A,San Juan Islands,Lime Kiln,September,COI,ATCAGT,GGWACWGGWTGAACWGTWTAYCCYCC,TANACYTCNGGRTGNCCRAARAAYCA,500,4,Lib-C-SJI_S3_L001_R1_001.fastq,Lib-C-SJI_S3_L001_R2_001.fastq,ACAGTG
LK_201709B.3,E8,Tag_1,Lib_F,Tag_1.Lib_F,LK_201709B,San Juan Islands,Lime Kiln,September,COI,ACACAC,GGWACWGGWTGAACWGTWTAYCCYCC,TANACYTCNGGRTGNCCRAARAAYCA,500,4,Lib-F-SJI_S6_L001_R1_001.fastq,Lib-F-SJI_S6_L001_R2_001.fastq,CTTGTA
LK_201709C.3,F8,Tag_14,Lib_D,Tag_14.Lib_D,LK_201709C,San Juan Islands,Lime Kiln,September,COI,TCGTCA,GGWACWGGWTGAACWGTWTAYCCYCC,TANACYTCNGGRTGNCCRAARAAYCA,500,4,Lib-D-SJI_S4_L001_R1_001.fastq,Lib-D-SJI_S4_L001_R2_001.fastq,GCCAAT
FH_201709A.3,G8,Tag_10,Lib_F,Tag_10.Lib_F,FH_201709A,San Juan Islands,Friday Harbor,September,COI,TGTATG,GGWACWGGWTGAACWGTWTAYCCYCC,TANACYTCNGGRTGNCCRAARAAYCA,500,4,Lib-F-SJI_S6_L001_R1_001.fastq,Lib-F-SJI_S6_L001_R2_001.fastq,CTTGTA
FH_201709B.3,H8,Tag_4,Lib_A,Tag_4.Lib_A,FH_201709B,San Juan Islands,Friday Harbor,September,COI,GCGCTC,GGWACWGGWTGAACWGTWTAYCCYCC,TANACYTCNGGRTGNCCRAARAAYCA,500,4,Lib-A-SJI_S1_L001_R1_001.fastq,Lib-A-SJI_S1_L001_R2_001.fastq,CGATGT
FH_201709C.3,A9,Tag_9,Lib_A,Tag_9.Lib_A,FH_201709C,San Juan Islands,Friday Harbor,September,COI,TCGCAT,GGWACWGGWTGAACWGTWTAYCCYCC,TANACYTCNGGRTGNCCRAARAAYCA,500,4,Lib-A-SJI_S1_L001_R1_001.fastq,Lib-A-SJI_S1_L001_R2_001.fastq,CGATGT
CP_201710A.3,B9,Tag_7,Lib_B,Tag_7.Lib_B,CP_201710A,San Juan Islands,Cattle Point,October,COI,ATATCG,GGWACWGGWTGAACWGTWTAYCCYCC,TANACYTCNGGRTGNCCRAARAAYCA,500,4,Lib-B-SJI_S2_L001_R1_001.fastq,Lib-B-SJI_S2_L001_R2_001.fastq,TGACCA
CP_201710B.3,C9,Tag_5,Lib_B,Tag_5.Lib_B,CP_201710B,San Juan Islands,Cattle Point,October,COI,ACATGT,GGWACWGGWTGAACWGTWTAYCCYCC,TANACYTCNGGRTGNCCRAARAAYCA,500,4,Lib-B-SJI_S2_L001_R1_001.fastq,Lib-B-SJI_S2_L001_R2_001.fastq,TGACCA
CP_201710C.3,D9,Tag_7,Lib_C,Tag_7.Lib_C,CP_201710C,San Juan Islands,Cattle Point,October,COI,ATATCG,GGWACWGGWTGAACWGTWTAYCCYCC,TANACYTCNGGRTGNCCRAARAAYCA,500,4,Lib-C-SJI_S3_L001_R1_001.fastq,Lib-C-SJI_S3_L001_R2_001.fastq,ACAGTG
LK_201710A.3,E9,Tag_2,Lib_E,Tag_2.Lib_E,LK_201710A,San Juan Islands,Lime Kiln,October,COI,ACAGCA,GGWACWGGWTGAACWGTWTAYCCYCC,TANACYTCNGGRTGNCCRAARAAYCA,500,4,Lib-E-SJI_S5_L001_R1_001.fastq,Lib-E-SJI_S5_L001_R2_001.fastq,CAGATC
LK_201710B.3,F9,Tag_14,Lib_A,Tag_14.Lib_A,LK_201710B,San Juan Islands,Lime Kiln,October,COI,TCGTCA,GGWACWGGWTGAACWGTWTAYCCYCC,TANACYTCNGGRTGNCCRAARAAYCA,500,4,Lib-A-SJI_S1_L001_R1_001.fastq,Lib-A-SJI_S1_L001_R2_001.fastq,CGATGT
LK_201710C.3,G9,Tag_5,Lib_F,Tag_5.Lib_F,LK_201710C,San Juan Islands,Lime Kiln,October,COI,ACATGT,GGWACWGGWTGAACWGTWTAYCCYCC,TANACYTCNGGRTGNCCRAARAAYCA,500,4,Lib-F-SJI_S6_L001_R1_001.fastq,Lib-F-SJI_S6_L001_R2_001.fastq,CTTGTA
FH_201710A.3,H9,Tag_4,Lib_E,Tag_4.Lib_E,FH_201710A,San Juan Islands,Friday Harbor,October,COI,GCGCTC,GGWACWGGWTGAACWGTWTAYCCYCC,TANACYTCNGGRTGNCCRAARAAYCA,500,4,Lib-E-SJI_S5_L001_R1_001.fastq,Lib-E-SJI_S5_L001_R2_001.fastq,CAGATC
FH_201710B.3,A10,Tag_5,Lib_C,Tag_5.Lib_C,FH_201710B,San Juan Islands,Friday Harbor,October,COI,ACATGT,GGWACWGGWTGAACWGTWTAYCCYCC,TANACYTCNGGRTGNCCRAARAAYCA,500,4,Lib-C-SJI_S3_L001_R1_001.fastq,Lib-C-SJI_S3_L001_R2_001.fastq,ACAGTG
FH_201710C.3,B10,Tag_8,Lib_A,Tag_8.Lib_A,FH_201710C,San Juan Islands,Friday Harbor,October,COI,CTCGCA,GGWACWGGWTGAACWGTWTAYCCYCC,TANACYTCNGGRTGNCCRAARAAYCA,500,4,Lib-A-SJI_S1_L001_R1_001.fastq,Lib-A-SJI_S1_L001_R2_001.fastq,CGATGT
CP_201711A.3,C10,Tag_11,Lib_B,Tag_11.Lib_B,CP_201711A,San Juan Islands,Cattle Point,November,COI,GCAGTG,GGWACWGGWTGAACWGTWTAYCCYCC,TANACYTCNGGRTGNCCRAARAAYCA,500,4,Lib-B-SJI_S2_L001_R1_001.fastq,Lib-B-SJI_S2_L001_R2_001.fastq,TGACCA
CP_201711B.3,D10,Tag_4,Lib_B,Tag_4.Lib_B,CP_201711B,San Juan Islands,Cattle Point,November,COI,GCGCTC,GGWACWGGWTGAACWGTWTAYCCYCC,TANACYTCNGGRTGNCCRAARAAYCA,500,4,Lib-B-SJI_S2_L001_R1_001.fastq,Lib-B-SJI_S2_L001_R2_001.fastq,TGACCA
CP_201711C.3,E10,Tag_14,Lib_E,Tag_14.Lib_E,CP_201711C,San Juan Islands,Cattle Point,November,COI,TCGTCA,GGWACWGGWTGAACWGTWTAYCCYCC,TANACYTCNGGRTGNCCRAARAAYCA,500,4,Lib-E-SJI_S5_L001_R1_001.fastq,Lib-E-SJI_S5_L001_R2_001.fastq,CAGATC
LK_201711A.3,F10,Tag_8,Lib_E,Tag_8.Lib_E,LK_201711A,San Juan Islands,Lime Kiln,November,COI,CTCGCA,GGWACWGGWTGAACWGTWTAYCCYCC,TANACYTCNGGRTGNCCRAARAAYCA,500,4,Lib-E-SJI_S5_L001_R1_001.fastq,Lib-E-SJI_S5_L001_R2_001.fastq,CAGATC
LK_201711B.3,G10,Tag_6,Lib_A,Tag_6.Lib_A,LK_201711B,San Juan Islands,Lime Kiln,November,COI,ACGACG,GGWACWGGWTGAACWGTWTAYCCYCC,TANACYTCNGGRTGNCCRAARAAYCA,500,4,Lib-A-SJI_S1_L001_R1_001.fastq,Lib-A-SJI_S1_L001_R2_001.fastq,CGATGT
LK_201711C.3,H10,Tag_11,Lib_E,Tag_11.Lib_E,LK_201711C,San Juan Islands,Lime Kiln,November,COI,GCAGTG,GGWACWGGWTGAACWGTWTAYCCYCC,TANACYTCNGGRTGNCCRAARAAYCA,500,4,Lib-E-SJI_S5_L001_R1_001.fastq,Lib-E-SJI_S5_L001_R2_001.fastq,CAGATC
FH_201711B.3,A11,Tag_12,Lib_A,Tag_12.Lib_A,FH_201711B,San Juan Islands,Friday Harbor,November,COI,GATGAC,GGWACWGGWTGAACWGTWTAYCCYCC,TANACYTCNGGRTGNCCRAARAAYCA,500,4,Lib-A-SJI_S1_L001_R1_001.fastq,Lib-A-SJI_S1_L001_R2_001.fastq,CGATGT
FH_201711C.3,B11,Tag_5,Lib_D,Tag_5.Lib_D,FH_201711C,San Juan Islands,Friday Harbor,November,COI,ACATGT,GGWACWGGWTGAACWGTWTAYCCYCC,TANACYTCNGGRTGNCCRAARAAYCA,500,4,Lib-D-SJI_S4_L001_R1_001.fastq,Lib-D-SJI_S4_L001_R2_001.fastq,GCCAAT
FH_201711A.3,C11,Tag_1,Lib_B,Tag_1.Lib_B,FH_201711A,San Juan Islands,Friday Harbor,November,COI,ACACAC,GGWACWGGWTGAACWGTWTAYCCYCC,TANACYTCNGGRTGNCCRAARAAYCA,500,4,Lib-B-SJI_S2_L001_R1_001.fastq,Lib-B-SJI_S2_L001_R2_001.fastq,TGACCA
Kangaroo.3,D11,Tag_2,Lib_A,Tag_2.Lib_A,Kangaroo,Positive control,,.,COI,ACAGCA,GGWACWGGWTGAACWGTWTAYCCYCC,TANACYTCNGGRTGNCCRAARAAYCA,500,4,Lib-A-SJI_S1_L001_R1_001.fastq,Lib-A-SJI_S1_L001_R2_001.fastq,CGATGT