sample_id,pri_index_name,IDT,pri_index_seq,Tag,sec_index_seq,Lib2,file1,file2,locus,sec_index_start,primerF_seq,primerR_seq,insert_size
SA_201805A.1,Lib_H,IDT_14,AGTTCC,Tag_08,CTCGCA,Lib-H,Lib-H-Jan-Jul_S8_L001_R1_001.fastq,Lib-H-Jan-Jul_S8_L001_R2_001.fastq,COI,4,GGWACWGGWTGAACWGTWTAYCCYCC,TANACYTCNGGRTGNCCRAARAAYCA,313
SA_201805B.1,Lib_J,IDT_16,CCGTCC,Tag_08,CTCGCA,Lib-J,Lib-J-Jan-Jul_S10_L001_R1_001.fastq,Lib-J-Jan-Jul_S10_L001_R2_001.fastq,COI,4,GGWACWGGWTGAACWGTWTAYCCYCC,TANACYTCNGGRTGNCCRAARAAYCA,313
SA_201805C.1,Lib_H,IDT_14,AGTTCC,Tag_09,TCGCAT,Lib-H,Lib-H-Jan-Jul_S8_L001_R1_001.fastq,Lib-H-Jan-Jul_S8_L001_R2_001.fastq,COI,4,GGWACWGGWTGAACWGTWTAYCCYCC,TANACYTCNGGRTGNCCRAARAAYCA,313
TR_201805A.1,Lib_L,IDT_19,GTGAAA,Tag_11,GCAGTG,Lib-L,Lib-L-Jan-Jul_S12_L001_R1_001.fastq,Lib-L-Jan-Jul_S12_L001_R2_001.fastq,COI,4,GGWACWGGWTGAACWGTWTAYCCYCC,TANACYTCNGGRTGNCCRAARAAYCA,313
TR_201805B.1,Lib_L,IDT_19,GTGAAA,Tag_01,ACACAC,Lib-L,Lib-L-Jan-Jul_S12_L001_R1_001.fastq,Lib-L-Jan-Jul_S12_L001_R2_001.fastq,COI,4,GGWACWGGWTGAACWGTWTAYCCYCC,TANACYTCNGGRTGNCCRAARAAYCA,313
TR_201805C.1,Lib_K,IDT_18,GTCCGC,Tag_11,GCAGTG,Lib-K,Lib-K-Jan-Jul_S11_L001_R1_001.fastq,Lib-K-Jan-Jul_S11_L001_R2_001.fastq,COI,4,GGWACWGGWTGAACWGTWTAYCCYCC,TANACYTCNGGRTGNCCRAARAAYCA,313
LL_201805A.1,Lib_I,IDT_15,ATGTCA,Tag_01,ACACAC,Lib-I,Lib-I-Jan-Jul_S9_L001_R1_001.fastq,Lib-I-Jan-Jul_S9_L001_R2_001.fastq,COI,4,GGWACWGGWTGAACWGTWTAYCCYCC,TANACYTCNGGRTGNCCRAARAAYCA,313
LL_201805B.1,Lib_K,IDT_18,GTCCGC,Tag_02,ACAGCA,Lib-K,Lib-K-Jan-Jul_S11_L001_R1_001.fastq,Lib-K-Jan-Jul_S11_L001_R2_001.fastq,COI,4,GGWACWGGWTGAACWGTWTAYCCYCC,TANACYTCNGGRTGNCCRAARAAYCA,313
LL_201805C.1,Lib_H,IDT_14,AGTTCC,Tag_03,GTCTCT,Lib-H,Lib-H-Jan-Jul_S8_L001_R1_001.fastq,Lib-H-Jan-Jul_S8_L001_R2_001.fastq,COI,4,GGWACWGGWTGAACWGTWTAYCCYCC,TANACYTCNGGRTGNCCRAARAAYCA,313
PO_201805A.1,Lib_G,IDT_13,AGTCAA,Tag_12,GATGAC,Lib-G,Lib-G-Jan-Jul_S7_L001_R1_001.fastq,Lib-G-Jan-Jul_S7_L001_R2_001.fastq,COI,4,GGWACWGGWTGAACWGTWTAYCCYCC,TANACYTCNGGRTGNCCRAARAAYCA,313
PO_201805B.1,Lib_I,IDT_15,ATGTCA,Tag_09,TCGCAT,Lib-I,Lib-I-Jan-Jul_S9_L001_R1_001.fastq,Lib-I-Jan-Jul_S9_L001_R2_001.fastq,COI,4,GGWACWGGWTGAACWGTWTAYCCYCC,TANACYTCNGGRTGNCCRAARAAYCA,313
PO_201805C.1,Lib_I,IDT_15,ATGTCA,Tag_11,GCAGTG,Lib-I,Lib-I-Jan-Jul_S9_L001_R1_001.fastq,Lib-I-Jan-Jul_S9_L001_R2_001.fastq,COI,4,GGWACWGGWTGAACWGTWTAYCCYCC,TANACYTCNGGRTGNCCRAARAAYCA,313
TW_201805A.1,Lib_K,IDT_18,GTCCGC,Tag_01,ACACAC,Lib-K,Lib-K-Jan-Jul_S11_L001_R1_001.fastq,Lib-K-Jan-Jul_S11_L001_R2_001.fastq,COI,4,GGWACWGGWTGAACWGTWTAYCCYCC,TANACYTCNGGRTGNCCRAARAAYCA,313
TW_201805B.1,Lib_L,IDT_19,GTGAAA,Tag_07,ATATCG,Lib-L,Lib-L-Jan-Jul_S12_L001_R1_001.fastq,Lib-L-Jan-Jul_S12_L001_R2_001.fastq,COI,4,GGWACWGGWTGAACWGTWTAYCCYCC,TANACYTCNGGRTGNCCRAARAAYCA,313
TW_201805C.1,Lib_G,IDT_13,AGTCAA,Tag_03,GTCTCT,Lib-G,Lib-G-Jan-Jul_S7_L001_R1_001.fastq,Lib-G-Jan-Jul_S7_L001_R2_001.fastq,COI,4,GGWACWGGWTGAACWGTWTAYCCYCC,TANACYTCNGGRTGNCCRAARAAYCA,313
K+.1,Lib_G,IDT_13,AGTCAA,Tag_09,TCGCAT,Lib-G,Lib-G-Jan-Jul_S7_L001_R1_001.fastq,Lib-G-Jan-Jul_S7_L001_R2_001.fastq,COI,4,GGWACWGGWTGAACWGTWTAYCCYCC,TANACYTCNGGRTGNCCRAARAAYCA,313
SA_201807A.1,Lib_J,IDT_16,CCGTCC,Tag_12,GATGAC,Lib-J,Lib-J-Jan-Jul_S10_L001_R1_001.fastq,Lib-J-Jan-Jul_S10_L001_R2_001.fastq,COI,4,GGWACWGGWTGAACWGTWTAYCCYCC,TANACYTCNGGRTGNCCRAARAAYCA,313
SA_201807B.1,Lib_J,IDT_16,CCGTCC,Tag_01,ACACAC,Lib-J,Lib-J-Jan-Jul_S10_L001_R1_001.fastq,Lib-J-Jan-Jul_S10_L001_R2_001.fastq,COI,4,GGWACWGGWTGAACWGTWTAYCCYCC,TANACYTCNGGRTGNCCRAARAAYCA,313
SA_201807C.1,Lib_K,IDT_18,GTCCGC,Tag_05,ACATGT,Lib-K,Lib-K-Jan-Jul_S11_L001_R1_001.fastq,Lib-K-Jan-Jul_S11_L001_R2_001.fastq,COI,4,GGWACWGGWTGAACWGTWTAYCCYCC,TANACYTCNGGRTGNCCRAARAAYCA,313
TR_201807A.1,Lib_L,IDT_19,GTGAAA,Tag_05,ACATGT,Lib-L,Lib-L-Jan-Jul_S12_L001_R1_001.fastq,Lib-L-Jan-Jul_S12_L001_R2_001.fastq,COI,4,GGWACWGGWTGAACWGTWTAYCCYCC,TANACYTCNGGRTGNCCRAARAAYCA,313
TR_201807B.1,Lib_I,IDT_15,ATGTCA,Tag_05,ACATGT,Lib-I,Lib-I-Jan-Jul_S9_L001_R1_001.fastq,Lib-I-Jan-Jul_S9_L001_R2_001.fastq,COI,4,GGWACWGGWTGAACWGTWTAYCCYCC,TANACYTCNGGRTGNCCRAARAAYCA,313
TR_201807C.1,Lib_J,IDT_16,CCGTCC,Tag_11,GCAGTG,Lib-J,Lib-J-Jan-Jul_S10_L001_R1_001.fastq,Lib-J-Jan-Jul_S10_L001_R2_001.fastq,COI,4,GGWACWGGWTGAACWGTWTAYCCYCC,TANACYTCNGGRTGNCCRAARAAYCA,313
LL_201807A.1,Lib_L,IDT_19,GTGAAA,Tag_12,GATGAC,Lib-L,Lib-L-Jan-Jul_S12_L001_R1_001.fastq,Lib-L-Jan-Jul_S12_L001_R2_001.fastq,COI,4,GGWACWGGWTGAACWGTWTAYCCYCC,TANACYTCNGGRTGNCCRAARAAYCA,313
LL_201807B.1,Lib_I,IDT_15,ATGTCA,Tag_14,TCGTCA,Lib-I,Lib-I-Jan-Jul_S9_L001_R1_001.fastq,Lib-I-Jan-Jul_S9_L001_R2_001.fastq,COI,4,GGWACWGGWTGAACWGTWTAYCCYCC,TANACYTCNGGRTGNCCRAARAAYCA,313
LL_201807C.1,Lib_H,IDT_14,AGTTCC,Tag_01,ACACAC,Lib-H,Lib-H-Jan-Jul_S8_L001_R1_001.fastq,Lib-H-Jan-Jul_S8_L001_R2_001.fastq,COI,4,GGWACWGGWTGAACWGTWTAYCCYCC,TANACYTCNGGRTGNCCRAARAAYCA,313
PO_201807A.1,Lib_L,IDT_19,GTGAAA,Tag_04,GCGCTC,Lib-L,Lib-L-Jan-Jul_S12_L001_R1_001.fastq,Lib-L-Jan-Jul_S12_L001_R2_001.fastq,COI,4,GGWACWGGWTGAACWGTWTAYCCYCC,TANACYTCNGGRTGNCCRAARAAYCA,313
PO_201807B.1,Lib_J,IDT_16,CCGTCC,Tag_13,ATCAGT,Lib-J,Lib-J-Jan-Jul_S10_L001_R1_001.fastq,Lib-J-Jan-Jul_S10_L001_R2_001.fastq,COI,4,GGWACWGGWTGAACWGTWTAYCCYCC,TANACYTCNGGRTGNCCRAARAAYCA,313
PO_201807C.1,Lib_G,IDT_13,AGTCAA,Tag_08,CTCGCA,Lib-G,Lib-G-Jan-Jul_S7_L001_R1_001.fastq,Lib-G-Jan-Jul_S7_L001_R2_001.fastq,COI,4,GGWACWGGWTGAACWGTWTAYCCYCC,TANACYTCNGGRTGNCCRAARAAYCA,313
TW_201807A.1,Lib_J,IDT_16,CCGTCC,Tag_02,ACAGCA,Lib-J,Lib-J-Jan-Jul_S10_L001_R1_001.fastq,Lib-J-Jan-Jul_S10_L001_R2_001.fastq,COI,4,GGWACWGGWTGAACWGTWTAYCCYCC,TANACYTCNGGRTGNCCRAARAAYCA,313
TW_201807B.1,Lib_H,IDT_14,AGTTCC,Tag_11,GCAGTG,Lib-H,Lib-H-Jan-Jul_S8_L001_R1_001.fastq,Lib-H-Jan-Jul_S8_L001_R2_001.fastq,COI,4,GGWACWGGWTGAACWGTWTAYCCYCC,TANACYTCNGGRTGNCCRAARAAYCA,313
TW_201807C.1,Lib_J,IDT_16,CCGTCC,Tag_03,GTCTCT,Lib-J,Lib-J-Jan-Jul_S10_L001_R1_001.fastq,Lib-J-Jan-Jul_S10_L001_R2_001.fastq,COI,4,GGWACWGGWTGAACWGTWTAYCCYCC,TANACYTCNGGRTGNCCRAARAAYCA,313
LL_201710C.1,Lib_I,IDT_15,ATGTCA,Tag_02,ACAGCA,Lib-I,Lib-I-Jan-Jul_S9_L001_R1_001.fastq,Lib-I-Jan-Jul_S9_L001_R2_001.fastq,COI,4,GGWACWGGWTGAACWGTWTAYCCYCC,TANACYTCNGGRTGNCCRAARAAYCA,313
SA_201805A.2,Lib_K,IDT_18,GTCCGC,Tag_07,ATATCG,Lib-K,Lib-K-Jan-Jul_S11_L001_R1_001.fastq,Lib-K-Jan-Jul_S11_L001_R2_001.fastq,COI,4,GGWACWGGWTGAACWGTWTAYCCYCC,TANACYTCNGGRTGNCCRAARAAYCA,313
SA_201805B.2,Lib_G,IDT_13,AGTCAA,Tag_13,ATCAGT,Lib-G,Lib-G-Jan-Jul_S7_L001_R1_001.fastq,Lib-G-Jan-Jul_S7_L001_R2_001.fastq,COI,4,GGWACWGGWTGAACWGTWTAYCCYCC,TANACYTCNGGRTGNCCRAARAAYCA,313
SA_201805C.2,Lib_J,IDT_16,CCGTCC,Tag_04,GCGCTC,Lib-J,Lib-J-Jan-Jul_S10_L001_R1_001.fastq,Lib-J-Jan-Jul_S10_L001_R2_001.fastq,COI,4,GGWACWGGWTGAACWGTWTAYCCYCC,TANACYTCNGGRTGNCCRAARAAYCA,313
TR_201805A.2,Lib_G,IDT_13,AGTCAA,Tag_10,TGTATG,Lib-G,Lib-G-Jan-Jul_S7_L001_R1_001.fastq,Lib-G-Jan-Jul_S7_L001_R2_001.fastq,COI,4,GGWACWGGWTGAACWGTWTAYCCYCC,TANACYTCNGGRTGNCCRAARAAYCA,313
TR_201805B.2,Lib_H,IDT_14,AGTTCC,Tag_12,GATGAC,Lib-H,Lib-H-Jan-Jul_S8_L001_R1_001.fastq,Lib-H-Jan-Jul_S8_L001_R2_001.fastq,COI,4,GGWACWGGWTGAACWGTWTAYCCYCC,TANACYTCNGGRTGNCCRAARAAYCA,313
TR_201805C.2,Lib_H,IDT_14,AGTTCC,Tag_02,ACAGCA,Lib-H,Lib-H-Jan-Jul_S8_L001_R1_001.fastq,Lib-H-Jan-Jul_S8_L001_R2_001.fastq,COI,4,GGWACWGGWTGAACWGTWTAYCCYCC,TANACYTCNGGRTGNCCRAARAAYCA,313
LL_201805A.2,Lib_G,IDT_13,AGTCAA,Tag_11,GCAGTG,Lib-G,Lib-G-Jan-Jul_S7_L001_R1_001.fastq,Lib-G-Jan-Jul_S7_L001_R2_001.fastq,COI,4,GGWACWGGWTGAACWGTWTAYCCYCC,TANACYTCNGGRTGNCCRAARAAYCA,313
LL_201805B.2,Lib_L,IDT_19,GTGAAA,Tag_15,CGACGC,Lib-L,Lib-L-Jan-Jul_S12_L001_R1_001.fastq,Lib-L-Jan-Jul_S12_L001_R2_001.fastq,COI,4,GGWACWGGWTGAACWGTWTAYCCYCC,TANACYTCNGGRTGNCCRAARAAYCA,313
LL_201805C.2,Lib_K,IDT_18,GTCCGC,Tag_08,CTCGCA,Lib-K,Lib-K-Jan-Jul_S11_L001_R1_001.fastq,Lib-K-Jan-Jul_S11_L001_R2_001.fastq,COI,4,GGWACWGGWTGAACWGTWTAYCCYCC,TANACYTCNGGRTGNCCRAARAAYCA,313
PO_201805A.2,Lib_G,IDT_13,AGTCAA,Tag_01,ACACAC,Lib-G,Lib-G-Jan-Jul_S7_L001_R1_001.fastq,Lib-G-Jan-Jul_S7_L001_R2_001.fastq,COI,4,GGWACWGGWTGAACWGTWTAYCCYCC,TANACYTCNGGRTGNCCRAARAAYCA,313
PO_201805B.2,Lib_K,IDT_18,GTCCGC,Tag_15,CGACGC,Lib-K,Lib-K-Jan-Jul_S11_L001_R1_001.fastq,Lib-K-Jan-Jul_S11_L001_R2_001.fastq,COI,4,GGWACWGGWTGAACWGTWTAYCCYCC,TANACYTCNGGRTGNCCRAARAAYCA,313
PO_201805C.2,Lib_H,IDT_14,AGTTCC,Tag_05,ACATGT,Lib-H,Lib-H-Jan-Jul_S8_L001_R1_001.fastq,Lib-H-Jan-Jul_S8_L001_R2_001.fastq,COI,4,GGWACWGGWTGAACWGTWTAYCCYCC,TANACYTCNGGRTGNCCRAARAAYCA,313
TW_201805A.2,Lib_K,IDT_18,GTCCGC,Tag_09,TCGCAT,Lib-K,Lib-K-Jan-Jul_S11_L001_R1_001.fastq,Lib-K-Jan-Jul_S11_L001_R2_001.fastq,COI,4,GGWACWGGWTGAACWGTWTAYCCYCC,TANACYTCNGGRTGNCCRAARAAYCA,313
TW_201805B.2,Lib_G,IDT_13,AGTCAA,Tag_14,TCGTCA,Lib-G,Lib-G-Jan-Jul_S7_L001_R1_001.fastq,Lib-G-Jan-Jul_S7_L001_R2_001.fastq,COI,4,GGWACWGGWTGAACWGTWTAYCCYCC,TANACYTCNGGRTGNCCRAARAAYCA,313
TW_201805C.2,Lib_H,IDT_14,AGTTCC,Tag_04,GCGCTC,Lib-H,Lib-H-Jan-Jul_S8_L001_R1_001.fastq,Lib-H-Jan-Jul_S8_L001_R2_001.fastq,COI,4,GGWACWGGWTGAACWGTWTAYCCYCC,TANACYTCNGGRTGNCCRAARAAYCA,313
K+.2,Lib_K,IDT_18,GTCCGC,Tag_13,ATCAGT,Lib-K,Lib-K-Jan-Jul_S11_L001_R1_001.fastq,Lib-K-Jan-Jul_S11_L001_R2_001.fastq,COI,4,GGWACWGGWTGAACWGTWTAYCCYCC,TANACYTCNGGRTGNCCRAARAAYCA,313
SA_201807A.2,Lib_L,IDT_19,GTGAAA,Tag_02,ACAGCA,Lib-L,Lib-L-Jan-Jul_S12_L001_R1_001.fastq,Lib-L-Jan-Jul_S12_L001_R2_001.fastq,COI,4,GGWACWGGWTGAACWGTWTAYCCYCC,TANACYTCNGGRTGNCCRAARAAYCA,313
SA_201807B.2,Lib_J,IDT_16,CCGTCC,Tag_14,TCGTCA,Lib-J,Lib-J-Jan-Jul_S10_L001_R1_001.fastq,Lib-J-Jan-Jul_S10_L001_R2_001.fastq,COI,4,GGWACWGGWTGAACWGTWTAYCCYCC,TANACYTCNGGRTGNCCRAARAAYCA,313
SA_201807C.2,Lib_L,IDT_19,GTGAAA,Tag_06,ACGACG,Lib-L,Lib-L-Jan-Jul_S12_L001_R1_001.fastq,Lib-L-Jan-Jul_S12_L001_R2_001.fastq,COI,4,GGWACWGGWTGAACWGTWTAYCCYCC,TANACYTCNGGRTGNCCRAARAAYCA,313
TR_201807A.2,Lib_H,IDT_14,AGTTCC,Tag_10,TGTATG,Lib-H,Lib-H-Jan-Jul_S8_L001_R1_001.fastq,Lib-H-Jan-Jul_S8_L001_R2_001.fastq,COI,4,GGWACWGGWTGAACWGTWTAYCCYCC,TANACYTCNGGRTGNCCRAARAAYCA,313
TR_201807B.2,Lib_J,IDT_16,CCGTCC,Tag_07,ATATCG,Lib-J,Lib-J-Jan-Jul_S10_L001_R1_001.fastq,Lib-J-Jan-Jul_S10_L001_R2_001.fastq,COI,4,GGWACWGGWTGAACWGTWTAYCCYCC,TANACYTCNGGRTGNCCRAARAAYCA,313
TR_201807C.2,Lib_G,IDT_13,AGTCAA,Tag_04,GCGCTC,Lib-G,Lib-G-Jan-Jul_S7_L001_R1_001.fastq,Lib-G-Jan-Jul_S7_L001_R2_001.fastq,COI,4,GGWACWGGWTGAACWGTWTAYCCYCC,TANACYTCNGGRTGNCCRAARAAYCA,313
LL_201807A.2,Lib_L,IDT_19,GTGAAA,Tag_09,TCGCAT,Lib-L,Lib-L-Jan-Jul_S12_L001_R1_001.fastq,Lib-L-Jan-Jul_S12_L001_R2_001.fastq,COI,4,GGWACWGGWTGAACWGTWTAYCCYCC,TANACYTCNGGRTGNCCRAARAAYCA,313
LL_201807B.2,Lib_I,IDT_15,ATGTCA,Tag_06,ACGACG,Lib-I,Lib-I-Jan-Jul_S9_L001_R1_001.fastq,Lib-I-Jan-Jul_S9_L001_R2_001.fastq,COI,4,GGWACWGGWTGAACWGTWTAYCCYCC,TANACYTCNGGRTGNCCRAARAAYCA,313
LL_201807C.2,Lib_J,IDT_16,CCGTCC,Tag_05,ACATGT,Lib-J,Lib-J-Jan-Jul_S10_L001_R1_001.fastq,Lib-J-Jan-Jul_S10_L001_R2_001.fastq,COI,4,GGWACWGGWTGAACWGTWTAYCCYCC,TANACYTCNGGRTGNCCRAARAAYCA,313
PO_201807A.2,Lib_L,IDT_19,GTGAAA,Tag_10,TGTATG,Lib-L,Lib-L-Jan-Jul_S12_L001_R1_001.fastq,Lib-L-Jan-Jul_S12_L001_R2_001.fastq,COI,4,GGWACWGGWTGAACWGTWTAYCCYCC,TANACYTCNGGRTGNCCRAARAAYCA,313
PO_201807B.2,Lib_J,IDT_16,CCGTCC,Tag_15,CGACGC,Lib-J,Lib-J-Jan-Jul_S10_L001_R1_001.fastq,Lib-J-Jan-Jul_S10_L001_R2_001.fastq,COI,4,GGWACWGGWTGAACWGTWTAYCCYCC,TANACYTCNGGRTGNCCRAARAAYCA,313
PO_201807C.2,Lib_I,IDT_15,ATGTCA,Tag_04,GCGCTC,Lib-I,Lib-I-Jan-Jul_S9_L001_R1_001.fastq,Lib-I-Jan-Jul_S9_L001_R2_001.fastq,COI,4,GGWACWGGWTGAACWGTWTAYCCYCC,TANACYTCNGGRTGNCCRAARAAYCA,313
TW_201807A.2,Lib_I,IDT_15,ATGTCA,Tag_08,CTCGCA,Lib-I,Lib-I-Jan-Jul_S9_L001_R1_001.fastq,Lib-I-Jan-Jul_S9_L001_R2_001.fastq,COI,4,GGWACWGGWTGAACWGTWTAYCCYCC,TANACYTCNGGRTGNCCRAARAAYCA,313
TW_201807B.2,Lib_L,IDT_19,GTGAAA,Tag_03,GTCTCT,Lib-L,Lib-L-Jan-Jul_S12_L001_R1_001.fastq,Lib-L-Jan-Jul_S12_L001_R2_001.fastq,COI,4,GGWACWGGWTGAACWGTWTAYCCYCC,TANACYTCNGGRTGNCCRAARAAYCA,313
TW_201807C.2,Lib_L,IDT_19,GTGAAA,Tag_13,ATCAGT,Lib-L,Lib-L-Jan-Jul_S12_L001_R1_001.fastq,Lib-L-Jan-Jul_S12_L001_R2_001.fastq,COI,4,GGWACWGGWTGAACWGTWTAYCCYCC,TANACYTCNGGRTGNCCRAARAAYCA,313
LL_201710C.2,Lib_J,IDT_16,CCGTCC,Tag_09,TCGCAT,Lib-J,Lib-J-Jan-Jul_S10_L001_R1_001.fastq,Lib-J-Jan-Jul_S10_L001_R2_001.fastq,COI,4,GGWACWGGWTGAACWGTWTAYCCYCC,TANACYTCNGGRTGNCCRAARAAYCA,313
SA_201805A.3,Lib_K,IDT_18,GTCCGC,Tag_04,GCGCTC,Lib-K,Lib-K-Jan-Jul_S11_L001_R1_001.fastq,Lib-K-Jan-Jul_S11_L001_R2_001.fastq,COI,4,GGWACWGGWTGAACWGTWTAYCCYCC,TANACYTCNGGRTGNCCRAARAAYCA,313
SA_201805B.3,Lib_H,IDT_14,AGTTCC,Tag_06,ACGACG,Lib-H,Lib-H-Jan-Jul_S8_L001_R1_001.fastq,Lib-H-Jan-Jul_S8_L001_R2_001.fastq,COI,4,GGWACWGGWTGAACWGTWTAYCCYCC,TANACYTCNGGRTGNCCRAARAAYCA,313
SA_201805C.3,Lib_G,IDT_13,AGTCAA,Tag_05,ACATGT,Lib-G,Lib-G-Jan-Jul_S7_L001_R1_001.fastq,Lib-G-Jan-Jul_S7_L001_R2_001.fastq,COI,4,GGWACWGGWTGAACWGTWTAYCCYCC,TANACYTCNGGRTGNCCRAARAAYCA,313
TR_201805A.3,Lib_I,IDT_15,ATGTCA,Tag_10,TGTATG,Lib-I,Lib-I-Jan-Jul_S9_L001_R1_001.fastq,Lib-I-Jan-Jul_S9_L001_R2_001.fastq,COI,4,GGWACWGGWTGAACWGTWTAYCCYCC,TANACYTCNGGRTGNCCRAARAAYCA,313
TR_201805B.3,Lib_L,IDT_19,GTGAAA,Tag_08,CTCGCA,Lib-L,Lib-L-Jan-Jul_S12_L001_R1_001.fastq,Lib-L-Jan-Jul_S12_L001_R2_001.fastq,COI,4,GGWACWGGWTGAACWGTWTAYCCYCC,TANACYTCNGGRTGNCCRAARAAYCA,313
TR_201805C.3,Lib_L,IDT_19,GTGAAA,Tag_16,GCGAGT,Lib-L,Lib-L-Jan-Jul_S12_L001_R1_001.fastq,Lib-L-Jan-Jul_S12_L001_R2_001.fastq,COI,4,GGWACWGGWTGAACWGTWTAYCCYCC,TANACYTCNGGRTGNCCRAARAAYCA,313
LL_201805A.3,Lib_H,IDT_14,AGTTCC,Tag_14,TCGTCA,Lib-H,Lib-H-Jan-Jul_S8_L001_R1_001.fastq,Lib-H-Jan-Jul_S8_L001_R2_001.fastq,COI,4,GGWACWGGWTGAACWGTWTAYCCYCC,TANACYTCNGGRTGNCCRAARAAYCA,313
LL_201805B.3,Lib_G,IDT_13,AGTCAA,Tag_02,ACAGCA,Lib-G,Lib-G-Jan-Jul_S7_L001_R1_001.fastq,Lib-G-Jan-Jul_S7_L001_R2_001.fastq,COI,4,GGWACWGGWTGAACWGTWTAYCCYCC,TANACYTCNGGRTGNCCRAARAAYCA,313
LL_201805C.3,Lib_I,IDT_15,ATGTCA,Tag_13,ATCAGT,Lib-I,Lib-I-Jan-Jul_S9_L001_R1_001.fastq,Lib-I-Jan-Jul_S9_L001_R2_001.fastq,COI,4,GGWACWGGWTGAACWGTWTAYCCYCC,TANACYTCNGGRTGNCCRAARAAYCA,313
PO_201805A.3,Lib_J,IDT_16,CCGTCC,Tag_06,ACGACG,Lib-J,Lib-J-Jan-Jul_S10_L001_R1_001.fastq,Lib-J-Jan-Jul_S10_L001_R2_001.fastq,COI,4,GGWACWGGWTGAACWGTWTAYCCYCC,TANACYTCNGGRTGNCCRAARAAYCA,313
PO_201805B.3,Lib_H,IDT_14,AGTTCC,Tag_16,GCGAGT,Lib-H,Lib-H-Jan-Jul_S8_L001_R1_001.fastq,Lib-H-Jan-Jul_S8_L001_R2_001.fastq,COI,4,GGWACWGGWTGAACWGTWTAYCCYCC,TANACYTCNGGRTGNCCRAARAAYCA,313
PO_201805C.3,Lib_G,IDT_13,AGTCAA,Tag_07,ATATCG,Lib-G,Lib-G-Jan-Jul_S7_L001_R1_001.fastq,Lib-G-Jan-Jul_S7_L001_R2_001.fastq,COI,4,GGWACWGGWTGAACWGTWTAYCCYCC,TANACYTCNGGRTGNCCRAARAAYCA,313
TW_201805A.3,Lib_H,IDT_14,AGTTCC,Tag_07,ATATCG,Lib-H,Lib-H-Jan-Jul_S8_L001_R1_001.fastq,Lib-H-Jan-Jul_S8_L001_R2_001.fastq,COI,4,GGWACWGGWTGAACWGTWTAYCCYCC,TANACYTCNGGRTGNCCRAARAAYCA,313
TW_201805B.3,Lib_I,IDT_15,ATGTCA,Tag_12,GATGAC,Lib-I,Lib-I-Jan-Jul_S9_L001_R1_001.fastq,Lib-I-Jan-Jul_S9_L001_R2_001.fastq,COI,4,GGWACWGGWTGAACWGTWTAYCCYCC,TANACYTCNGGRTGNCCRAARAAYCA,313
TW_201805C.3,Lib_K,IDT_18,GTCCGC,Tag_12,GATGAC,Lib-K,Lib-K-Jan-Jul_S11_L001_R1_001.fastq,Lib-K-Jan-Jul_S11_L001_R2_001.fastq,COI,4,GGWACWGGWTGAACWGTWTAYCCYCC,TANACYTCNGGRTGNCCRAARAAYCA,313
K+.3,Lib_I,IDT_15,ATGTCA,Tag_03,GTCTCT,Lib-I,Lib-I-Jan-Jul_S9_L001_R1_001.fastq,Lib-I-Jan-Jul_S9_L001_R2_001.fastq,COI,4,GGWACWGGWTGAACWGTWTAYCCYCC,TANACYTCNGGRTGNCCRAARAAYCA,313
SA_201807A.3,Lib_H,IDT_14,AGTTCC,Tag_13,ATCAGT,Lib-H,Lib-H-Jan-Jul_S8_L001_R1_001.fastq,Lib-H-Jan-Jul_S8_L001_R2_001.fastq,COI,4,GGWACWGGWTGAACWGTWTAYCCYCC,TANACYTCNGGRTGNCCRAARAAYCA,313
SA_201807B.3,Lib_J,IDT_16,CCGTCC,Tag_16,GCGAGT,Lib-J,Lib-J-Jan-Jul_S10_L001_R1_001.fastq,Lib-J-Jan-Jul_S10_L001_R2_001.fastq,COI,4,GGWACWGGWTGAACWGTWTAYCCYCC,TANACYTCNGGRTGNCCRAARAAYCA,313
SA_201807C.3,Lib_G,IDT_13,AGTCAA,Tag_15,CGACGC,Lib-G,Lib-G-Jan-Jul_S7_L001_R1_001.fastq,Lib-G-Jan-Jul_S7_L001_R2_001.fastq,COI,4,GGWACWGGWTGAACWGTWTAYCCYCC,TANACYTCNGGRTGNCCRAARAAYCA,313
TR_201807A.3,Lib_L,IDT_19,GTGAAA,Tag_14,TCGTCA,Lib-L,Lib-L-Jan-Jul_S12_L001_R1_001.fastq,Lib-L-Jan-Jul_S12_L001_R2_001.fastq,COI,4,GGWACWGGWTGAACWGTWTAYCCYCC,TANACYTCNGGRTGNCCRAARAAYCA,313
TR_201807B.3,Lib_K,IDT_18,GTCCGC,Tag_14,TCGTCA,Lib-K,Lib-K-Jan-Jul_S11_L001_R1_001.fastq,Lib-K-Jan-Jul_S11_L001_R2_001.fastq,COI,4,GGWACWGGWTGAACWGTWTAYCCYCC,TANACYTCNGGRTGNCCRAARAAYCA,313
TR_201807C.3,Lib_J,IDT_16,CCGTCC,Tag_10,TGTATG,Lib-J,Lib-J-Jan-Jul_S10_L001_R1_001.fastq,Lib-J-Jan-Jul_S10_L001_R2_001.fastq,COI,4,GGWACWGGWTGAACWGTWTAYCCYCC,TANACYTCNGGRTGNCCRAARAAYCA,313
LL_201807A.3,Lib_G,IDT_13,AGTCAA,Tag_06,ACGACG,Lib-G,Lib-G-Jan-Jul_S7_L001_R1_001.fastq,Lib-G-Jan-Jul_S7_L001_R2_001.fastq,COI,4,GGWACWGGWTGAACWGTWTAYCCYCC,TANACYTCNGGRTGNCCRAARAAYCA,313
LL_201807B.3,Lib_G,IDT_13,AGTCAA,Tag_16,GCGAGT,Lib-G,Lib-G-Jan-Jul_S7_L001_R1_001.fastq,Lib-G-Jan-Jul_S7_L001_R2_001.fastq,COI,4,GGWACWGGWTGAACWGTWTAYCCYCC,TANACYTCNGGRTGNCCRAARAAYCA,313
LL_201807C.3,Lib_I,IDT_15,ATGTCA,Tag_15,CGACGC,Lib-I,Lib-I-Jan-Jul_S9_L001_R1_001.fastq,Lib-I-Jan-Jul_S9_L001_R2_001.fastq,COI,4,GGWACWGGWTGAACWGTWTAYCCYCC,TANACYTCNGGRTGNCCRAARAAYCA,313
PO_201807A.3,Lib_I,IDT_15,ATGTCA,Tag_16,GCGAGT,Lib-I,Lib-I-Jan-Jul_S9_L001_R1_001.fastq,Lib-I-Jan-Jul_S9_L001_R2_001.fastq,COI,4,GGWACWGGWTGAACWGTWTAYCCYCC,TANACYTCNGGRTGNCCRAARAAYCA,313
PO_201807B.3,Lib_K,IDT_18,GTCCGC,Tag_16,GCGAGT,Lib-K,Lib-K-Jan-Jul_S11_L001_R1_001.fastq,Lib-K-Jan-Jul_S11_L001_R2_001.fastq,COI,4,GGWACWGGWTGAACWGTWTAYCCYCC,TANACYTCNGGRTGNCCRAARAAYCA,313
PO_201807C.3,Lib_H,IDT_14,AGTTCC,Tag_15,CGACGC,Lib-H,Lib-H-Jan-Jul_S8_L001_R1_001.fastq,Lib-H-Jan-Jul_S8_L001_R2_001.fastq,COI,4,GGWACWGGWTGAACWGTWTAYCCYCC,TANACYTCNGGRTGNCCRAARAAYCA,313
TW_201807A.3,Lib_K,IDT_18,GTCCGC,Tag_10,TGTATG,Lib-K,Lib-K-Jan-Jul_S11_L001_R1_001.fastq,Lib-K-Jan-Jul_S11_L001_R2_001.fastq,COI,4,GGWACWGGWTGAACWGTWTAYCCYCC,TANACYTCNGGRTGNCCRAARAAYCA,313
TW_201807B.3,Lib_I,IDT_15,ATGTCA,Tag_07,ATATCG,Lib-I,Lib-I-Jan-Jul_S9_L001_R1_001.fastq,Lib-I-Jan-Jul_S9_L001_R2_001.fastq,COI,4,GGWACWGGWTGAACWGTWTAYCCYCC,TANACYTCNGGRTGNCCRAARAAYCA,313
TW_201807C.3,Lib_K,IDT_18,GTCCGC,Tag_06,ACGACG,Lib-K,Lib-K-Jan-Jul_S11_L001_R1_001.fastq,Lib-K-Jan-Jul_S11_L001_R2_001.fastq,COI,4,GGWACWGGWTGAACWGTWTAYCCYCC,TANACYTCNGGRTGNCCRAARAAYCA,313
LL_201710C.3,Lib_K,IDT_18,GTCCGC,Tag_03,GTCTCT,Lib-K,Lib-K-Jan-Jul_S11_L001_R1_001.fastq,Lib-K-Jan-Jul_S11_L001_R2_001.fastq,COI,4,GGWACWGGWTGAACWGTWTAYCCYCC,TANACYTCNGGRTGNCCRAARAAYCA,313
SA_201801A.1,Lib_C,IDT_5,ACAGTG,Tag_07,ATATCG,Lib-C,Lib-C-Jan-Jul_S3_L001_R1_001.fastq,Lib-C-Jan-Jul_S3_L001_R2_001.fastq,COI,4,GGWACWGGWTGAACWGTWTAYCCYCC,TANACYTCNGGRTGNCCRAARAAYCA,313
SA_201801B.1,Lib_F,IDT_12,CTTGTA,Tag_11,GCAGTG,Lib-F,Lib-F-Jan-Jul_S6_L001_R1_001.fastq,Lib-F-Jan-Jul_S6_L001_R2_001.fastq,COI,4,GGWACWGGWTGAACWGTWTAYCCYCC,TANACYTCNGGRTGNCCRAARAAYCA,313
SA_201801C.1,Lib_A,IDT_2,CGATGT,Tag_15,CGACGC,Lib-A,Lib-A-Jan-Jul_S1_L001_R1_001.fastq,Lib-A-Jan-Jul_S1_L001_R2_001.fastq,COI,4,GGWACWGGWTGAACWGTWTAYCCYCC,TANACYTCNGGRTGNCCRAARAAYCA,313
TR_201801B.1,Lib_C,IDT_5,ACAGTG,Tag_03,GTCTCT,Lib-C,Lib-C-Jan-Jul_S3_L001_R1_001.fastq,Lib-C-Jan-Jul_S3_L001_R2_001.fastq,COI,4,GGWACWGGWTGAACWGTWTAYCCYCC,TANACYTCNGGRTGNCCRAARAAYCA,313
TR_201801C.1,Lib_C,IDT_5,ACAGTG,Tag_15,CGACGC,Lib-C,Lib-C-Jan-Jul_S3_L001_R1_001.fastq,Lib-C-Jan-Jul_S3_L001_R2_001.fastq,COI,4,GGWACWGGWTGAACWGTWTAYCCYCC,TANACYTCNGGRTGNCCRAARAAYCA,313
TR_201801A.1,Lib_A,IDT_2,CGATGT,Tag_09,TCGCAT,Lib-A,Lib-A-Jan-Jul_S1_L001_R1_001.fastq,Lib-A-Jan-Jul_S1_L001_R2_001.fastq,COI,4,GGWACWGGWTGAACWGTWTAYCCYCC,TANACYTCNGGRTGNCCRAARAAYCA,313
LL_201801A.1,Lib_A,IDT_2,CGATGT,Tag_13,ATCAGT,Lib-A,Lib-A-Jan-Jul_S1_L001_R1_001.fastq,Lib-A-Jan-Jul_S1_L001_R2_001.fastq,COI,4,GGWACWGGWTGAACWGTWTAYCCYCC,TANACYTCNGGRTGNCCRAARAAYCA,313
LL_201801B.1,Lib_E,IDT_7,CAGATC,Tag_12,GATGAC,Lib-E,Lib-E-Jan-Jul_S5_L001_R1_001.fastq,Lib-E-Jan-Jul_S5_L001_R2_001.fastq,COI,4,GGWACWGGWTGAACWGTWTAYCCYCC,TANACYTCNGGRTGNCCRAARAAYCA,313
LL_201801C.1,Lib_A,IDT_2,CGATGT,Tag_03,GTCTCT,Lib-A,Lib-A-Jan-Jul_S1_L001_R1_001.fastq,Lib-A-Jan-Jul_S1_L001_R2_001.fastq,COI,4,GGWACWGGWTGAACWGTWTAYCCYCC,TANACYTCNGGRTGNCCRAARAAYCA,313
PO_201801A.1,Lib_E,IDT_7,CAGATC,Tag_02,ACAGCA,Lib-E,Lib-E-Jan-Jul_S5_L001_R1_001.fastq,Lib-E-Jan-Jul_S5_L001_R2_001.fastq,COI,4,GGWACWGGWTGAACWGTWTAYCCYCC,TANACYTCNGGRTGNCCRAARAAYCA,313
PO_201801C.1,Lib_F,IDT_12,CTTGTA,Tag_02,ACAGCA,Lib-F,Lib-F-Jan-Jul_S6_L001_R1_001.fastq,Lib-F-Jan-Jul_S6_L001_R2_001.fastq,COI,4,GGWACWGGWTGAACWGTWTAYCCYCC,TANACYTCNGGRTGNCCRAARAAYCA,313
PO_201801B.1,Lib_B,IDT_4,TGACCA,Tag_07,ATATCG,Lib-B,Lib-B-Jan-Jul_S2_L001_R1_001.fastq,Lib-B-Jan-Jul_S2_L001_R2_001.fastq,COI,4,GGWACWGGWTGAACWGTWTAYCCYCC,TANACYTCNGGRTGNCCRAARAAYCA,313
TW_201801A.1,Lib_E,IDT_7,CAGATC,Tag_15,CGACGC,Lib-E,Lib-E-Jan-Jul_S5_L001_R1_001.fastq,Lib-E-Jan-Jul_S5_L001_R2_001.fastq,COI,4,GGWACWGGWTGAACWGTWTAYCCYCC,TANACYTCNGGRTGNCCRAARAAYCA,313
TW_201801B.1,Lib_A,IDT_2,CGATGT,Tag_06,ACGACG,Lib-A,Lib-A-Jan-Jul_S1_L001_R1_001.fastq,Lib-A-Jan-Jul_S1_L001_R2_001.fastq,COI,4,GGWACWGGWTGAACWGTWTAYCCYCC,TANACYTCNGGRTGNCCRAARAAYCA,313
TW_201801C.1,Lib_B,IDT_4,TGACCA,Tag_10,TGTATG,Lib-B,Lib-B-Jan-Jul_S2_L001_R1_001.fastq,Lib-B-Jan-Jul_S2_L001_R2_001.fastq,COI,4,GGWACWGGWTGAACWGTWTAYCCYCC,TANACYTCNGGRTGNCCRAARAAYCA,313
k+.1,Lib_F,IDT_12,CTTGTA,Tag_12,GATGAC,Lib-F,Lib-F-Jan-Jul_S6_L001_R1_001.fastq,Lib-F-Jan-Jul_S6_L001_R2_001.fastq,COI,4,GGWACWGGWTGAACWGTWTAYCCYCC,TANACYTCNGGRTGNCCRAARAAYCA,313
SA_201803A.1,Lib_C,IDT_5,ACAGTG,Tag_12,GATGAC,Lib-C,Lib-C-Jan-Jul_S3_L001_R1_001.fastq,Lib-C-Jan-Jul_S3_L001_R2_001.fastq,COI,4,GGWACWGGWTGAACWGTWTAYCCYCC,TANACYTCNGGRTGNCCRAARAAYCA,313
SA_201803B.1,Lib_F,IDT_12,CTTGTA,Tag_10,TGTATG,Lib-F,Lib-F-Jan-Jul_S6_L001_R1_001.fastq,Lib-F-Jan-Jul_S6_L001_R2_001.fastq,COI,4,GGWACWGGWTGAACWGTWTAYCCYCC,TANACYTCNGGRTGNCCRAARAAYCA,313
SA_201803C.1,Lib_A,IDT_2,CGATGT,Tag_04,GCGCTC,Lib-A,Lib-A-Jan-Jul_S1_L001_R1_001.fastq,Lib-A-Jan-Jul_S1_L001_R2_001.fastq,COI,4,GGWACWGGWTGAACWGTWTAYCCYCC,TANACYTCNGGRTGNCCRAARAAYCA,313
TR_201803B.1,Lib_D,IDT_6,GCCAAT,Tag_14,TCGTCA,Lib-D,Lib-D-Jan-Jul_S4_L001_R1_001.fastq,Lib-D-Jan-Jul_S4_L001_R2_001.fastq,COI,4,GGWACWGGWTGAACWGTWTAYCCYCC,TANACYTCNGGRTGNCCRAARAAYCA,313
TR_201803C.1,Lib_D,IDT_6,GCCAAT,Tag_02,ACAGCA,Lib-D,Lib-D-Jan-Jul_S4_L001_R1_001.fastq,Lib-D-Jan-Jul_S4_L001_R2_001.fastq,COI,4,GGWACWGGWTGAACWGTWTAYCCYCC,TANACYTCNGGRTGNCCRAARAAYCA,313
TR_201803A.1,Lib_D,IDT_6,GCCAAT,Tag_04,GCGCTC,Lib-D,Lib-D-Jan-Jul_S4_L001_R1_001.fastq,Lib-D-Jan-Jul_S4_L001_R2_001.fastq,COI,4,GGWACWGGWTGAACWGTWTAYCCYCC,TANACYTCNGGRTGNCCRAARAAYCA,313
LL_201803A.1,Lib_F,IDT_12,CTTGTA,Tag_04,GCGCTC,Lib-F,Lib-F-Jan-Jul_S6_L001_R1_001.fastq,Lib-F-Jan-Jul_S6_L001_R2_001.fastq,COI,4,GGWACWGGWTGAACWGTWTAYCCYCC,TANACYTCNGGRTGNCCRAARAAYCA,313
LL_201803B.1,Lib_F,IDT_12,CTTGTA,Tag_07,ATATCG,Lib-F,Lib-F-Jan-Jul_S6_L001_R1_001.fastq,Lib-F-Jan-Jul_S6_L001_R2_001.fastq,COI,4,GGWACWGGWTGAACWGTWTAYCCYCC,TANACYTCNGGRTGNCCRAARAAYCA,313
LL_201803C.1,Lib_D,IDT_6,GCCAAT,Tag_08,CTCGCA,Lib-D,Lib-D-Jan-Jul_S4_L001_R1_001.fastq,Lib-D-Jan-Jul_S4_L001_R2_001.fastq,COI,4,GGWACWGGWTGAACWGTWTAYCCYCC,TANACYTCNGGRTGNCCRAARAAYCA,313
PO_201803A.1,Lib_B,IDT_4,TGACCA,Tag_04,GCGCTC,Lib-B,Lib-B-Jan-Jul_S2_L001_R1_001.fastq,Lib-B-Jan-Jul_S2_L001_R2_001.fastq,COI,4,GGWACWGGWTGAACWGTWTAYCCYCC,TANACYTCNGGRTGNCCRAARAAYCA,313
PO_201803C.1,Lib_E,IDT_7,CAGATC,Tag_13,ATCAGT,Lib-E,Lib-E-Jan-Jul_S5_L001_R1_001.fastq,Lib-E-Jan-Jul_S5_L001_R2_001.fastq,COI,4,GGWACWGGWTGAACWGTWTAYCCYCC,TANACYTCNGGRTGNCCRAARAAYCA,313
PO_201803B.1,Lib_D,IDT_6,GCCAAT,Tag_11,GCAGTG,Lib-D,Lib-D-Jan-Jul_S4_L001_R1_001.fastq,Lib-D-Jan-Jul_S4_L001_R2_001.fastq,COI,4,GGWACWGGWTGAACWGTWTAYCCYCC,TANACYTCNGGRTGNCCRAARAAYCA,313
TW_201803A.1,Lib_C,IDT_5,ACAGTG,Tag_02,ACAGCA,Lib-C,Lib-C-Jan-Jul_S3_L001_R1_001.fastq,Lib-C-Jan-Jul_S3_L001_R2_001.fastq,COI,4,GGWACWGGWTGAACWGTWTAYCCYCC,TANACYTCNGGRTGNCCRAARAAYCA,313
TW_201803B.1,Lib_F,IDT_12,CTTGTA,Tag_01,ACACAC,Lib-F,Lib-F-Jan-Jul_S6_L001_R1_001.fastq,Lib-F-Jan-Jul_S6_L001_R2_001.fastq,COI,4,GGWACWGGWTGAACWGTWTAYCCYCC,TANACYTCNGGRTGNCCRAARAAYCA,313
TW_201803C.1,Lib_E,IDT_7,CAGATC,Tag_01,ACACAC,Lib-E,Lib-E-Jan-Jul_S5_L001_R1_001.fastq,Lib-E-Jan-Jul_S5_L001_R2_001.fastq,COI,4,GGWACWGGWTGAACWGTWTAYCCYCC,TANACYTCNGGRTGNCCRAARAAYCA,313
LL_201710_B.1,Lib_C,IDT_5,ACAGTG,Tag_16,GCGAGT,Lib-C,Lib-C-Jan-Jul_S3_L001_R1_001.fastq,Lib-C-Jan-Jul_S3_L001_R2_001.fastq,COI,4,GGWACWGGWTGAACWGTWTAYCCYCC,TANACYTCNGGRTGNCCRAARAAYCA,313
SA_201801A.2,Lib_E,IDT_7,CAGATC,Tag_06,ACGACG,Lib-E,Lib-E-Jan-Jul_S5_L001_R1_001.fastq,Lib-E-Jan-Jul_S5_L001_R2_001.fastq,COI,4,GGWACWGGWTGAACWGTWTAYCCYCC,TANACYTCNGGRTGNCCRAARAAYCA,313
SA_201801B.2,Lib_A,IDT_2,CGATGT,Tag_10,TGTATG,Lib-A,Lib-A-Jan-Jul_S1_L001_R1_001.fastq,Lib-A-Jan-Jul_S1_L001_R2_001.fastq,COI,4,GGWACWGGWTGAACWGTWTAYCCYCC,TANACYTCNGGRTGNCCRAARAAYCA,313
SA_201801C.2,Lib_F,IDT_12,CTTGTA,Tag_05,ACATGT,Lib-F,Lib-F-Jan-Jul_S6_L001_R1_001.fastq,Lib-F-Jan-Jul_S6_L001_R2_001.fastq,COI,4,GGWACWGGWTGAACWGTWTAYCCYCC,TANACYTCNGGRTGNCCRAARAAYCA,313
TR_201801B.2,Lib_F,IDT_12,CTTGTA,Tag_13,ATCAGT,Lib-F,Lib-F-Jan-Jul_S6_L001_R1_001.fastq,Lib-F-Jan-Jul_S6_L001_R2_001.fastq,COI,4,GGWACWGGWTGAACWGTWTAYCCYCC,TANACYTCNGGRTGNCCRAARAAYCA,313
TR_201801C.2,Lib_E,IDT_7,CAGATC,Tag_16,GCGAGT,Lib-E,Lib-E-Jan-Jul_S5_L001_R1_001.fastq,Lib-E-Jan-Jul_S5_L001_R2_001.fastq,COI,4,GGWACWGGWTGAACWGTWTAYCCYCC,TANACYTCNGGRTGNCCRAARAAYCA,313
TR_201801A.2,Lib_B,IDT_4,TGACCA,Tag_09,TCGCAT,Lib-B,Lib-B-Jan-Jul_S2_L001_R1_001.fastq,Lib-B-Jan-Jul_S2_L001_R2_001.fastq,COI,4,GGWACWGGWTGAACWGTWTAYCCYCC,TANACYTCNGGRTGNCCRAARAAYCA,313
LL_201801A.2,Lib_E,IDT_7,CAGATC,Tag_08,CTCGCA,Lib-E,Lib-E-Jan-Jul_S5_L001_R1_001.fastq,Lib-E-Jan-Jul_S5_L001_R2_001.fastq,COI,4,GGWACWGGWTGAACWGTWTAYCCYCC,TANACYTCNGGRTGNCCRAARAAYCA,313
LL_201801B.2,Lib_A,IDT_2,CGATGT,Tag_05,ACATGT,Lib-A,Lib-A-Jan-Jul_S1_L001_R1_001.fastq,Lib-A-Jan-Jul_S1_L001_R2_001.fastq,COI,4,GGWACWGGWTGAACWGTWTAYCCYCC,TANACYTCNGGRTGNCCRAARAAYCA,313
LL_201801C.2,Lib_B,IDT_4,TGACCA,Tag_12,GATGAC,Lib-B,Lib-B-Jan-Jul_S2_L001_R1_001.fastq,Lib-B-Jan-Jul_S2_L001_R2_001.fastq,COI,4,GGWACWGGWTGAACWGTWTAYCCYCC,TANACYTCNGGRTGNCCRAARAAYCA,313
PO_201801A.2,Lib_C,IDT_5,ACAGTG,Tag_04,GCGCTC,Lib-C,Lib-C-Jan-Jul_S3_L001_R1_001.fastq,Lib-C-Jan-Jul_S3_L001_R2_001.fastq,COI,4,GGWACWGGWTGAACWGTWTAYCCYCC,TANACYTCNGGRTGNCCRAARAAYCA,313
PO_201801C.2,Lib_D,IDT_6,GCCAAT,Tag_06,ACGACG,Lib-D,Lib-D-Jan-Jul_S4_L001_R1_001.fastq,Lib-D-Jan-Jul_S4_L001_R2_001.fastq,COI,4,GGWACWGGWTGAACWGTWTAYCCYCC,TANACYTCNGGRTGNCCRAARAAYCA,313
PO_201801B.2,Lib_E,IDT_7,CAGATC,Tag_05,ACATGT,Lib-E,Lib-E-Jan-Jul_S5_L001_R1_001.fastq,Lib-E-Jan-Jul_S5_L001_R2_001.fastq,COI,4,GGWACWGGWTGAACWGTWTAYCCYCC,TANACYTCNGGRTGNCCRAARAAYCA,313
TW_201801A.2,Lib_B,IDT_4,TGACCA,Tag_15,CGACGC,Lib-B,Lib-B-Jan-Jul_S2_L001_R1_001.fastq,Lib-B-Jan-Jul_S2_L001_R2_001.fastq,COI,4,GGWACWGGWTGAACWGTWTAYCCYCC,TANACYTCNGGRTGNCCRAARAAYCA,313
TW_201801B.2,Lib_C,IDT_5,ACAGTG,Tag_06,ACGACG,Lib-C,Lib-C-Jan-Jul_S3_L001_R1_001.fastq,Lib-C-Jan-Jul_S3_L001_R2_001.fastq,COI,4,GGWACWGGWTGAACWGTWTAYCCYCC,TANACYTCNGGRTGNCCRAARAAYCA,313
TW_201801C.2,Lib_D,IDT_6,GCCAAT,Tag_13,ATCAGT,Lib-D,Lib-D-Jan-Jul_S4_L001_R1_001.fastq,Lib-D-Jan-Jul_S4_L001_R2_001.fastq,COI,4,GGWACWGGWTGAACWGTWTAYCCYCC,TANACYTCNGGRTGNCCRAARAAYCA,313
k+.2,Lib_E,IDT_7,CAGATC,Tag_07,ATATCG,Lib-E,Lib-E-Jan-Jul_S5_L001_R1_001.fastq,Lib-E-Jan-Jul_S5_L001_R2_001.fastq,COI,4,GGWACWGGWTGAACWGTWTAYCCYCC,TANACYTCNGGRTGNCCRAARAAYCA,313
SA_201803A.2,Lib_A,IDT_2,CGATGT,Tag_16,GCGAGT,Lib-A,Lib-A-Jan-Jul_S1_L001_R1_001.fastq,Lib-A-Jan-Jul_S1_L001_R2_001.fastq,COI,4,GGWACWGGWTGAACWGTWTAYCCYCC,TANACYTCNGGRTGNCCRAARAAYCA,313
SA_201803B.2,Lib_D,IDT_6,GCCAAT,Tag_16,GCGAGT,Lib-D,Lib-D-Jan-Jul_S4_L001_R1_001.fastq,Lib-D-Jan-Jul_S4_L001_R2_001.fastq,COI,4,GGWACWGGWTGAACWGTWTAYCCYCC,TANACYTCNGGRTGNCCRAARAAYCA,313
SA_201803C.2,Lib_A,IDT_2,CGATGT,Tag_01,ACACAC,Lib-A,Lib-A-Jan-Jul_S1_L001_R1_001.fastq,Lib-A-Jan-Jul_S1_L001_R2_001.fastq,COI,4,GGWACWGGWTGAACWGTWTAYCCYCC,TANACYTCNGGRTGNCCRAARAAYCA,313
TR_201803B.2,Lib_B,IDT_4,TGACCA,Tag_06,ACGACG,Lib-B,Lib-B-Jan-Jul_S2_L001_R1_001.fastq,Lib-B-Jan-Jul_S2_L001_R2_001.fastq,COI,4,GGWACWGGWTGAACWGTWTAYCCYCC,TANACYTCNGGRTGNCCRAARAAYCA,313
TR_201803C.2,Lib_C,IDT_5,ACAGTG,Tag_01,ACACAC,Lib-C,Lib-C-Jan-Jul_S3_L001_R1_001.fastq,Lib-C-Jan-Jul_S3_L001_R2_001.fastq,COI,4,GGWACWGGWTGAACWGTWTAYCCYCC,TANACYTCNGGRTGNCCRAARAAYCA,313
TR_201803A.2,Lib_E,IDT_7,CAGATC,Tag_10,TGTATG,Lib-E,Lib-E-Jan-Jul_S5_L001_R1_001.fastq,Lib-E-Jan-Jul_S5_L001_R2_001.fastq,COI,4,GGWACWGGWTGAACWGTWTAYCCYCC,TANACYTCNGGRTGNCCRAARAAYCA,313
LL_201803A.2,Lib_E,IDT_7,CAGATC,Tag_04,GCGCTC,Lib-E,Lib-E-Jan-Jul_S5_L001_R1_001.fastq,Lib-E-Jan-Jul_S5_L001_R2_001.fastq,COI,4,GGWACWGGWTGAACWGTWTAYCCYCC,TANACYTCNGGRTGNCCRAARAAYCA,313
LL_201803B.2,Lib_B,IDT_4,TGACCA,Tag_13,ATCAGT,Lib-B,Lib-B-Jan-Jul_S2_L001_R1_001.fastq,Lib-B-Jan-Jul_S2_L001_R2_001.fastq,COI,4,GGWACWGGWTGAACWGTWTAYCCYCC,TANACYTCNGGRTGNCCRAARAAYCA,313
LL_201803C.2,Lib_D,IDT_6,GCCAAT,Tag_09,TCGCAT,Lib-D,Lib-D-Jan-Jul_S4_L001_R1_001.fastq,Lib-D-Jan-Jul_S4_L001_R2_001.fastq,COI,4,GGWACWGGWTGAACWGTWTAYCCYCC,TANACYTCNGGRTGNCCRAARAAYCA,313
PO_201803A.2,Lib_F,IDT_12,CTTGTA,Tag_15,CGACGC,Lib-F,Lib-F-Jan-Jul_S6_L001_R1_001.fastq,Lib-F-Jan-Jul_S6_L001_R2_001.fastq,COI,4,GGWACWGGWTGAACWGTWTAYCCYCC,TANACYTCNGGRTGNCCRAARAAYCA,313
PO_201803C.2,Lib_C,IDT_5,ACAGTG,Tag_08,CTCGCA,Lib-C,Lib-C-Jan-Jul_S3_L001_R1_001.fastq,Lib-C-Jan-Jul_S3_L001_R2_001.fastq,COI,4,GGWACWGGWTGAACWGTWTAYCCYCC,TANACYTCNGGRTGNCCRAARAAYCA,313
PO_201803B.2,Lib_F,IDT_12,CTTGTA,Tag_08,CTCGCA,Lib-F,Lib-F-Jan-Jul_S6_L001_R1_001.fastq,Lib-F-Jan-Jul_S6_L001_R2_001.fastq,COI,4,GGWACWGGWTGAACWGTWTAYCCYCC,TANACYTCNGGRTGNCCRAARAAYCA,313
TW_201803A.2,Lib_C,IDT_5,ACAGTG,Tag_05,ACATGT,Lib-C,Lib-C-Jan-Jul_S3_L001_R1_001.fastq,Lib-C-Jan-Jul_S3_L001_R2_001.fastq,COI,4,GGWACWGGWTGAACWGTWTAYCCYCC,TANACYTCNGGRTGNCCRAARAAYCA,313
TW_201803B.2,Lib_A,IDT_2,CGATGT,Tag_11,GCAGTG,Lib-A,Lib-A-Jan-Jul_S1_L001_R1_001.fastq,Lib-A-Jan-Jul_S1_L001_R2_001.fastq,COI,4,GGWACWGGWTGAACWGTWTAYCCYCC,TANACYTCNGGRTGNCCRAARAAYCA,313
TW_201803C.2,Lib_A,IDT_2,CGATGT,Tag_02,ACAGCA,Lib-A,Lib-A-Jan-Jul_S1_L001_R1_001.fastq,Lib-A-Jan-Jul_S1_L001_R2_001.fastq,COI,4,GGWACWGGWTGAACWGTWTAYCCYCC,TANACYTCNGGRTGNCCRAARAAYCA,313
LL_201710_B.2,Lib_D,IDT_6,GCCAAT,Tag_10,TGTATG,Lib-D,Lib-D-Jan-Jul_S4_L001_R1_001.fastq,Lib-D-Jan-Jul_S4_L001_R2_001.fastq,COI,4,GGWACWGGWTGAACWGTWTAYCCYCC,TANACYTCNGGRTGNCCRAARAAYCA,313
SA_201801A.3,Lib_E,IDT_7,CAGATC,Tag_11,GCAGTG,Lib-E,Lib-E-Jan-Jul_S5_L001_R1_001.fastq,Lib-E-Jan-Jul_S5_L001_R2_001.fastq,COI,4,GGWACWGGWTGAACWGTWTAYCCYCC,TANACYTCNGGRTGNCCRAARAAYCA,313
SA_201801B.3,Lib_D,IDT_6,GCCAAT,Tag_15,CGACGC,Lib-D,Lib-D-Jan-Jul_S4_L001_R1_001.fastq,Lib-D-Jan-Jul_S4_L001_R2_001.fastq,COI,4,GGWACWGGWTGAACWGTWTAYCCYCC,TANACYTCNGGRTGNCCRAARAAYCA,313
SA_201801C.3,Lib_D,IDT_6,GCCAAT,Tag_05,ACATGT,Lib-D,Lib-D-Jan-Jul_S4_L001_R1_001.fastq,Lib-D-Jan-Jul_S4_L001_R2_001.fastq,COI,4,GGWACWGGWTGAACWGTWTAYCCYCC,TANACYTCNGGRTGNCCRAARAAYCA,313
TR_201801B.3,Lib_B,IDT_4,TGACCA,Tag_08,CTCGCA,Lib-B,Lib-B-Jan-Jul_S2_L001_R1_001.fastq,Lib-B-Jan-Jul_S2_L001_R2_001.fastq,COI,4,GGWACWGGWTGAACWGTWTAYCCYCC,TANACYTCNGGRTGNCCRAARAAYCA,313
TR_201801C.3,Lib_C,IDT_5,ACAGTG,Tag_11,GCAGTG,Lib-C,Lib-C-Jan-Jul_S3_L001_R1_001.fastq,Lib-C-Jan-Jul_S3_L001_R2_001.fastq,COI,4,GGWACWGGWTGAACWGTWTAYCCYCC,TANACYTCNGGRTGNCCRAARAAYCA,313
TR_201801A.3,Lib_D,IDT_6,GCCAAT,Tag_12,GATGAC,Lib-D,Lib-D-Jan-Jul_S4_L001_R1_001.fastq,Lib-D-Jan-Jul_S4_L001_R2_001.fastq,COI,4,GGWACWGGWTGAACWGTWTAYCCYCC,TANACYTCNGGRTGNCCRAARAAYCA,313
LL_201801A.3,Lib_E,IDT_7,CAGATC,Tag_03,GTCTCT,Lib-E,Lib-E-Jan-Jul_S5_L001_R1_001.fastq,Lib-E-Jan-Jul_S5_L001_R2_001.fastq,COI,4,GGWACWGGWTGAACWGTWTAYCCYCC,TANACYTCNGGRTGNCCRAARAAYCA,313
LL_201801B.3,Lib_B,IDT_4,TGACCA,Tag_02,ACAGCA,Lib-B,Lib-B-Jan-Jul_S2_L001_R1_001.fastq,Lib-B-Jan-Jul_S2_L001_R2_001.fastq,COI,4,GGWACWGGWTGAACWGTWTAYCCYCC,TANACYTCNGGRTGNCCRAARAAYCA,313
LL_201801C.3,Lib_A,IDT_2,CGATGT,Tag_14,TCGTCA,Lib-A,Lib-A-Jan-Jul_S1_L001_R1_001.fastq,Lib-A-Jan-Jul_S1_L001_R2_001.fastq,COI,4,GGWACWGGWTGAACWGTWTAYCCYCC,TANACYTCNGGRTGNCCRAARAAYCA,313
PO_201801A.3,Lib_B,IDT_4,TGACCA,Tag_01,ACACAC,Lib-B,Lib-B-Jan-Jul_S2_L001_R1_001.fastq,Lib-B-Jan-Jul_S2_L001_R2_001.fastq,COI,4,GGWACWGGWTGAACWGTWTAYCCYCC,TANACYTCNGGRTGNCCRAARAAYCA,313
PO_201801C.3,Lib_B,IDT_4,TGACCA,Tag_11,GCAGTG,Lib-B,Lib-B-Jan-Jul_S2_L001_R1_001.fastq,Lib-B-Jan-Jul_S2_L001_R2_001.fastq,COI,4,GGWACWGGWTGAACWGTWTAYCCYCC,TANACYTCNGGRTGNCCRAARAAYCA,313
PO_201801B.3,Lib_E,IDT_7,CAGATC,Tag_14,TCGTCA,Lib-E,Lib-E-Jan-Jul_S5_L001_R1_001.fastq,Lib-E-Jan-Jul_S5_L001_R2_001.fastq,COI,4,GGWACWGGWTGAACWGTWTAYCCYCC,TANACYTCNGGRTGNCCRAARAAYCA,313
TW_201801A.3,Lib_A,IDT_2,CGATGT,Tag_07,ATATCG,Lib-A,Lib-A-Jan-Jul_S1_L001_R1_001.fastq,Lib-A-Jan-Jul_S1_L001_R2_001.fastq,COI,4,GGWACWGGWTGAACWGTWTAYCCYCC,TANACYTCNGGRTGNCCRAARAAYCA,313
TW_201801B.3,Lib_E,IDT_7,CAGATC,Tag_09,TCGCAT,Lib-E,Lib-E-Jan-Jul_S5_L001_R1_001.fastq,Lib-E-Jan-Jul_S5_L001_R2_001.fastq,COI,4,GGWACWGGWTGAACWGTWTAYCCYCC,TANACYTCNGGRTGNCCRAARAAYCA,313
TW_201801C.3,Lib_F,IDT_12,CTTGTA,Tag_14,TCGTCA,Lib-F,Lib-F-Jan-Jul_S6_L001_R1_001.fastq,Lib-F-Jan-Jul_S6_L001_R2_001.fastq,COI,4,GGWACWGGWTGAACWGTWTAYCCYCC,TANACYTCNGGRTGNCCRAARAAYCA,313
k+.3,Lib_F,IDT_12,CTTGTA,Tag_03,GTCTCT,Lib-F,Lib-F-Jan-Jul_S6_L001_R1_001.fastq,Lib-F-Jan-Jul_S6_L001_R2_001.fastq,COI,4,GGWACWGGWTGAACWGTWTAYCCYCC,TANACYTCNGGRTGNCCRAARAAYCA,313
SA_201803A.3,Lib_F,IDT_12,CTTGTA,Tag_06,ACGACG,Lib-F,Lib-F-Jan-Jul_S6_L001_R1_001.fastq,Lib-F-Jan-Jul_S6_L001_R2_001.fastq,COI,4,GGWACWGGWTGAACWGTWTAYCCYCC,TANACYTCNGGRTGNCCRAARAAYCA,313
SA_201803B.3,Lib_C,IDT_5,ACAGTG,Tag_09,TCGCAT,Lib-C,Lib-C-Jan-Jul_S3_L001_R1_001.fastq,Lib-C-Jan-Jul_S3_L001_R2_001.fastq,COI,4,GGWACWGGWTGAACWGTWTAYCCYCC,TANACYTCNGGRTGNCCRAARAAYCA,313
SA_201803C.3,Lib_B,IDT_4,TGACCA,Tag_14,TCGTCA,Lib-B,Lib-B-Jan-Jul_S2_L001_R1_001.fastq,Lib-B-Jan-Jul_S2_L001_R2_001.fastq,COI,4,GGWACWGGWTGAACWGTWTAYCCYCC,TANACYTCNGGRTGNCCRAARAAYCA,313
TR_201803B.3,Lib_C,IDT_5,ACAGTG,Tag_10,TGTATG,Lib-C,Lib-C-Jan-Jul_S3_L001_R1_001.fastq,Lib-C-Jan-Jul_S3_L001_R2_001.fastq,COI,4,GGWACWGGWTGAACWGTWTAYCCYCC,TANACYTCNGGRTGNCCRAARAAYCA,313
TR_201803C.3,Lib_D,IDT_6,GCCAAT,Tag_03,GTCTCT,Lib-D,Lib-D-Jan-Jul_S4_L001_R1_001.fastq,Lib-D-Jan-Jul_S4_L001_R2_001.fastq,COI,4,GGWACWGGWTGAACWGTWTAYCCYCC,TANACYTCNGGRTGNCCRAARAAYCA,313
TR_201803A.3,Lib_F,IDT_12,CTTGTA,Tag_09,TCGCAT,Lib-F,Lib-F-Jan-Jul_S6_L001_R1_001.fastq,Lib-F-Jan-Jul_S6_L001_R2_001.fastq,COI,4,GGWACWGGWTGAACWGTWTAYCCYCC,TANACYTCNGGRTGNCCRAARAAYCA,313
LL_201803A.3,Lib_D,IDT_6,GCCAAT,Tag_07,ATATCG,Lib-D,Lib-D-Jan-Jul_S4_L001_R1_001.fastq,Lib-D-Jan-Jul_S4_L001_R2_001.fastq,COI,4,GGWACWGGWTGAACWGTWTAYCCYCC,TANACYTCNGGRTGNCCRAARAAYCA,313
LL_201803B.3,Lib_A,IDT_2,CGATGT,Tag_08,CTCGCA,Lib-A,Lib-A-Jan-Jul_S1_L001_R1_001.fastq,Lib-A-Jan-Jul_S1_L001_R2_001.fastq,COI,4,GGWACWGGWTGAACWGTWTAYCCYCC,TANACYTCNGGRTGNCCRAARAAYCA,313
LL_201803C.3,Lib_B,IDT_4,TGACCA,Tag_05,ACATGT,Lib-B,Lib-B-Jan-Jul_S2_L001_R1_001.fastq,Lib-B-Jan-Jul_S2_L001_R2_001.fastq,COI,4,GGWACWGGWTGAACWGTWTAYCCYCC,TANACYTCNGGRTGNCCRAARAAYCA,313
PO_201803A.3,Lib_B,IDT_4,TGACCA,Tag_16,GCGAGT,Lib-B,Lib-B-Jan-Jul_S2_L001_R1_001.fastq,Lib-B-Jan-Jul_S2_L001_R2_001.fastq,COI,4,GGWACWGGWTGAACWGTWTAYCCYCC,TANACYTCNGGRTGNCCRAARAAYCA,313
PO_201803C.3,Lib_C,IDT_5,ACAGTG,Tag_13,ATCAGT,Lib-C,Lib-C-Jan-Jul_S3_L001_R1_001.fastq,Lib-C-Jan-Jul_S3_L001_R2_001.fastq,COI,4,GGWACWGGWTGAACWGTWTAYCCYCC,TANACYTCNGGRTGNCCRAARAAYCA,313
PO_201803B.3,Lib_B,IDT_4,TGACCA,Tag_03,GTCTCT,Lib-B,Lib-B-Jan-Jul_S2_L001_R1_001.fastq,Lib-B-Jan-Jul_S2_L001_R2_001.fastq,COI,4,GGWACWGGWTGAACWGTWTAYCCYCC,TANACYTCNGGRTGNCCRAARAAYCA,313
TW_201803A.3,Lib_D,IDT_6,GCCAAT,Tag_01,ACACAC,Lib-D,Lib-D-Jan-Jul_S4_L001_R1_001.fastq,Lib-D-Jan-Jul_S4_L001_R2_001.fastq,COI,4,GGWACWGGWTGAACWGTWTAYCCYCC,TANACYTCNGGRTGNCCRAARAAYCA,313
TW_201803B.3,Lib_C,IDT_5,ACAGTG,Tag_14,TCGTCA,Lib-C,Lib-C-Jan-Jul_S3_L001_R1_001.fastq,Lib-C-Jan-Jul_S3_L001_R2_001.fastq,COI,4,GGWACWGGWTGAACWGTWTAYCCYCC,TANACYTCNGGRTGNCCRAARAAYCA,313
TW_201803C.3,Lib_A,IDT_2,CGATGT,Tag_12,GATGAC,Lib-A,Lib-A-Jan-Jul_S1_L001_R1_001.fastq,Lib-A-Jan-Jul_S1_L001_R2_001.fastq,COI,4,GGWACWGGWTGAACWGTWTAYCCYCC,TANACYTCNGGRTGNCCRAARAAYCA,313
LL_201710_B.3,Lib_F,IDT_12,CTTGTA,Tag_16,GCGAGT,Lib-F,Lib-F-Jan-Jul_S6_L001_R1_001.fastq,Lib-F-Jan-Jul_S6_L001_R2_001.fastq,COI,4,GGWACWGGWTGAACWGTWTAYCCYCC,TANACYTCNGGRTGNCCRAARAAYCA,313
